"Team","Map","Comp","Picks"
"OpTic Gaming","Bind","Brimstone, Chamber, Raze, Skye, Viper",17
"Bleed Esports","Ascent","Breach, Jett, Killjoy, Omen, Sova",15
"LOUD","Ascent","Jett, KAY/O, Killjoy, Omen, Sova",15
"ZETA DIVISION","Bind","Astra, Raze, Sage, Skye, Viper",15
"OpTic Gaming","Fracture","Breach, Brimstone, Chamber, KAY/O, Neon",14
"DRX","Breeze","Chamber, Jett, Skye, Sova, Viper",13
"FunPlus Phoenix","Ascent","Chamber, Fade, KAY/O, Omen, Sage",11
"XERXIA Esports","Icebox","Jett, Killjoy, Sage, Sova, Viper",11
"ZETA DIVISION","Icebox","Chamber, Jett, Sage, Sova, Viper",11
"FURIA","Breeze","Chamber, Jett, KAY/O, Sova, Viper",10
"Crazy Raccoon","Ascent","Jett, Killjoy, Omen, Skye, Sova",9
"FNATIC","Icebox","Chamber, Killjoy, Sage, Sova, Viper",9
"FunPlus Phoenix","Fracture","Chamber, Fade, Omen, Raze, Viper",9
"G2 Esports (Inactive)","Icebox","Chamber, Killjoy, Sage, Sova, Viper",9
"Maru Gaming","Bind","Astra, Chamber, Jett, Skye, Viper",9
"Ninjas in Pyjamas","Split","Cypher, Jett, Omen, Raze, Sage",9
"On Sla2ers","Haven","Astra, Breach, Jett, Killjoy, Sova",9
"OpTic Gaming","Icebox","Chamber, KAY/O, Sage, Sova, Viper",9
"XSET","Bind","Astra, Chamber, Raze, Skye, Viper",9
"ZETA DIVISION","Haven","Astra, Breach, Jett, Killjoy, Skye",9
"FunPlus Phoenix","Ascent","Astra, Jett, KAY/O, Killjoy, Sova",8
"G2 Esports (Inactive)","Bind","Astra, Chamber, Raze, Skye, Viper",8
"KRÜ Esports","Icebox","Chamber, KAY/O, Sage, Sova, Viper",8
"Leviatán","Ascent","Astra, Chamber, Fade, KAY/O, Sova",8
"Ninjas in Pyjamas","Icebox","Jett, Reyna, Sage, Sova, Viper",8
"OpTic Gaming","Breeze","Chamber, Jett, KAY/O, Sova, Viper",8
"Team Liquid","Bind","Breach, Chamber, Fade, Omen, Raze",8
"World Game Star","Ascent","Astra, Breach, Jett, Killjoy, Sova",8
"100 Thieves","Breeze","Cypher, Jett, KAY/O, Sova, Viper",7
"Alter Ego","Bind","Brimstone, Chamber, Fade, Raze, Skye",7
"DRX","Ascent","Astra, Chamber, Jett, Skye, Sova",7
"Evil Geniuses","Breeze","Chamber, Jett, KAY/O, Sova, Viper",7
"Leviatán","Haven","Breach, Chamber, Fade, Omen, Raze",7
"M3 Champions","Breeze","Chamber, Jett, Skye, Sova, Viper",7
"Movistar Optix","Ascent","Astra, Jett, KAY/O, Killjoy, Sova",7
"OpTic Gaming","Ascent","Astra, Chamber, Fade, KAY/O, Sova",7
"Team Liquid","Icebox","Chamber, Fade, Raze, Sage, Viper",7
"XSET","Ascent","Jett, KAY/O, Killjoy, Omen, Sova",7
"XSET","Haven","Breach, Chamber, Jett, Omen, Skye",7
"ZETA DIVISION","Fracture","Astra, Breach, Chamber, Raze, Viper",7
"BOOM Esports","Fracture","Breach, Brimstone, Chamber, KAY/O, Neon",6
"DRX","Haven","Breach, Jett, Killjoy, Omen, Sova",6
"EBRO Gaming","Ascent","Astra, Jett, Killjoy, Skye, Sova",6
"Evil Geniuses","Icebox","Chamber, Jett, Sage, Sova, Viper",6
"FaZe Clan","Fracture","Breach, Brimstone, Chamber, KAY/O, Neon",6
"FNATIC","Bind","Astra, Fade, Raze, Skye, Viper",6
"FunPlus Phoenix","Bind","Brimstone, Fade, KAY/O, Raze, Viper",6
"KRÜ Esports","Breeze","Chamber, Jett, KAY/O, Sova, Viper",6
"Leviatán","Bind","Brimstone, Chamber, Raze, Skye, Viper",6
"Leviatán","Icebox","Chamber, KAY/O, Sage, Sova, Viper",6
"Los Grandes","Bind","Astra, Breach, Chamber, Fade, Raze",6
"Maru Gaming","Breeze","Chamber, Jett, KAY/O, Sova, Viper",6
"Ninjas in Pyjamas","Ascent","Fade, Jett, Killjoy, Omen, Sova",6
"NORTHEPTION","Haven","Astra, Breach, Jett, Killjoy, Skye",6
"Onic Esports","Icebox","Chamber, Jett, Sage, Sova, Viper",6
"OpTic Gaming","Ascent","Jett, KAY/O, Killjoy, Omen, Sova",6
"Paper Rex","Fracture","Breach, Chamber, Neon, Raze, Viper",6
"Paper Rex","Haven","Astra, Chamber, Fade, Raze, Sage",6
"Paper Rex","Split","Cypher, Jett, Omen, Raze, Sage",6
"TBK Esports","Bind","Astra, Chamber, Raze, Skye, Viper",6
"Version1 (Inactive)","Ascent","Astra, Jett, KAY/O, Killjoy, Sova",6
"World Game Star","Bind","Breach, Chamber, Neon, Omen, Skye",6
"XERXIA Esports","Haven","Astra, Breach, Jett, Killjoy, Skye",6
"100 Thieves","Ascent","Chamber, Fade, KAY/O, Omen, Sage",5
"Acend","Split","Cypher, Jett, Omen, Raze, Sage",5
"CERBERUS Esports","Ascent","Astra, Breach, Chamber, Jett, Sova",5
"Cloud9","Ascent","Jett, KAY/O, Killjoy, Omen, Sova",5
"Cloud9","Fracture","Breach, Brimstone, Chamber, Raze, Sage",5
"CNJ Esports","Ascent","Chamber, Fade, KAY/O, Omen, Raze",5
"DAMWON Gaming","Ascent","Jett, KAY/O, Killjoy, Omen, Sova",5
"DRX","Ascent","Astra, Chamber, Fade, KAY/O, Sova",5
"DRX","Bind","Breach, Brimstone, Chamber, Fade, Neon",5
"DRX","Split","Astra, Jett, Sage, Skye, Viper",5
"FNATIC","Ascent","Astra, Jett, KAY/O, Killjoy, Sova",5
"FURIA","Ascent","Jett, KAY/O, Killjoy, Omen, Sova",5
"G2 Esports (Inactive)","Haven","Astra, Breach, Killjoy, Neon, Sova",5
"Ghost Gaming","Breeze","Chamber, Jett, KAY/O, Sova, Viper",5
"Guild Esports","Breeze","Cypher, Jett, Skye, Sova, Viper",5
"Keyd Stars","Breeze","Chamber, Jett, Skye, Sova, Viper",5
"Keyd Stars","Haven","Breach, Chamber, Omen, Raze, Skye",5
"Keyd Stars","Icebox","Jett, Killjoy, Sage, Sova, Viper",5
"KRÜ Esports","Ascent","Chamber, Fade, Omen, Raze, Sova",5
"KRÜ Esports","Bind","Brimstone, Chamber, Raze, Skye, Viper",5
"KRÜ Esports","Haven","Breach, Chamber, Fade, Neon, Omen",5
"Los Grandes","Icebox","Chamber, Fade, Sage, Sova, Viper",5
"LOUD","Bind","Brimstone, Fade, Raze, Skye, Viper",5
"LOUD","Breeze","Chamber, Jett, KAY/O, Sova, Viper",5
"LOUD","Fracture","Breach, Brimstone, Chamber, Raze, Sage",5
"LOUD","Haven","Breach, Chamber, Fade, Omen, Raze",5
"Maru Gaming","Ascent","Astra, Chamber, Jett, KAY/O, Sova",5
"Maru Gaming","Fracture","Astra, Breach, Chamber, Jett, KAY/O",5
"Maru Gaming","Fracture","Breach, Brimstone, Chamber, KAY/O, Neon",5
"Ninjas in Pyjamas","Breeze","Cypher, Jett, Reyna, Sova, Viper",5
"Ninjas in Pyjamas","Haven","Chamber, KAY/O, Neon, Omen, Skye",5
"Onic Esports","Haven","Chamber, KAY/O, Neon, Omen, Sova",5
"On Sla2ers","Breeze","Cypher, KAY/O, Sova, Viper, Yoru",5
"OpTic Gaming","Ascent","Brimstone, Jett, KAY/O, Killjoy, Sova",5
"OpTic Gaming","Split","Astra, Breach, Chamber, KAY/O, Neon",5
"Paper Rex","Ascent","Astra, Chamber, Fade, KAY/O, Raze",5
"Team Liquid","Ascent","Chamber, Fade, KAY/O, Omen, Phoenix",5
"Team Liquid","Split","Astra, Breach, Cypher, Omen, Raze",5
"Team Liquid","Split","Astra, Breach, Cypher, Raze, Sage",5
"The Guard","Haven","Breach, Chamber, Jett, Omen, Skye",5
"The Guard","Icebox","Chamber, Jett, Omen, Sova, Viper",5
"World Game Star","Bind","Neon, Omen, Reyna, Sage, Skye",5
"World Game Star","Breeze","Chamber, Jett, KAY/O, Sova, Viper",5
"XERXIA Esports","Haven","Astra, Breach, Jett, Killjoy, Sova",5
"XSET","Breeze","Cypher, Jett, KAY/O, Sova, Viper",5
"100 Thieves","Haven","Chamber, Fade, Omen, Raze, Sage",4
"100 Thieves","Icebox","Killjoy, Raze, Sage, Sova, Viper",4
"9z Team","Haven","Astra, Breach, Jett, Killjoy, Sova",4
"9z Team","Haven","Breach, Jett, Killjoy, Omen, Sova",4
"Acend","Ascent","Astra, Jett, KAY/O, Killjoy, Sova",4
"Alter Ego","Fracture","Breach, Brimstone, Chamber, KAY/O, Neon",4
"BBL Esports","Ascent","Astra, Jett, KAY/O, Killjoy, Sova",4
"BBL Esports","Fracture","Breach, Brimstone, Chamber, Neon, Sage",4
"BOOM Esports","Ascent","Astra, Jett, KAY/O, Killjoy, Sova",4
"BOOM Esports","Haven","Astra, Breach, Jett, Killjoy, Sova",4
"BOOM Esports","Icebox","Chamber, Killjoy, Sage, Sova, Viper",4
"Cloud9","Icebox","Chamber, Fade, KAY/O, Sage, Viper",4
"CNJ Esports","Split","Chamber, KAY/O, Omen, Raze, Sage",4
"Crazy Raccoon","Icebox","Jett, Reyna, Sage, Sova, Viper",4
"DAMWON Gaming","Bind","Breach, Brimstone, Chamber, Raze, Skye",4
"DAMWON Gaming","Haven","Astra, Breach, Jett, Killjoy, Sova",4
"DAMWON Gaming","Split","Astra, Chamber, Jett, Sage, Viper",4
"DAMWON Gaming","Split","Breach, Chamber, Jett, Omen, Sage",4
"Desperado","Ascent","Astra, Jett, KAY/O, Killjoy, Sova",4
"DRX","Ascent","Astra, Fade, Jett, KAY/O, Sova",4
"DRX","Fracture","Brimstone, Chamber, Fade, KAY/O, Neon",4
"DRX","Haven","Astra, Breach, Jett, Killjoy, Sova",4
"DRX","Haven","Breach, Fade, Jett, Killjoy, Omen",4
"DRX","Icebox","Jett, KAY/O, Sage, Sova, Viper",4
"FaZe Clan","Breeze","Chamber, Jett, KAY/O, Sova, Viper",4
"FaZe Clan","Breeze","Chamber, KAY/O, Neon, Sova, Viper",4
"FaZe Clan","Icebox","Chamber, KAY/O, Sage, Sova, Viper",4
"FaZe Clan","Split","Astra, Breach, Chamber, KAY/O, Neon",4
"FNATIC","Haven","Breach, Chamber, Omen, Raze, Sova",4
"FNATIC","Icebox","Jett, Killjoy, Sage, Sova, Viper",4
"FNATIC","Split","Chamber, Fade, Omen, Raze, Viper",4
"FULL SENSE","Bind","Astra, Chamber, Jett, Skye, Sova",4
"FunPlus Phoenix","Breeze","Chamber, KAY/O, Sova, Viper, Yoru",4
"FunPlus Phoenix","Haven","Chamber, Fade, Omen, Raze, Sage",4
"FunPlus Phoenix","Icebox","Chamber, Fade, KAY/O, Sage, Viper",4
"FunPlus Phoenix","Icebox","Chamber, Fade, Raze, Sage, Viper",4
"FURIA","Ascent","Chamber, KAY/O, Omen, Raze, Sova",4
"Griffin E-Sports","Breeze","Chamber, Jett, KAY/O, Sova, Viper",4
"Guild Esports","Fracture","Breach, Brimstone, Chamber, Raze, Sage",4
"HolyMolly","Breeze","Chamber, Jett, KAY/O, Sova, Viper",4
"IGZIST","Breeze","Chamber, Jett, KAY/O, Sova, Viper",4
"Jadeite","Icebox","Chamber, Jett, Sage, Sova, Viper",4
"Keyd Stars","Bind","Brimstone, Chamber, Raze, Skye, Viper",4
"Keyd Stars","Fracture","Breach, Brimstone, Chamber, Raze, Sage",4
"Keyd Stars","Split","Breach, Chamber, Omen, Raze, Sage",4
"Knights","Ascent","Astra, Jett, Killjoy, Sage, Sova",4
"KRÜ Esports","Ascent","Fade, Jett, KAY/O, Killjoy, Omen",4
"KRÜ Esports","Bind","Brimstone, Raze, Sage, Skye, Viper",4
"KRÜ Esports","Haven","Astra, Cypher, Jett, Phoenix, Sova",4
"KRÜ Esports","Haven","Cypher, Jett, Omen, Phoenix, Sova",4
"KRÜ Esports","Split","Astra, Jett, Raze, Skye, Viper",4
"LDN UTD","Haven","Astra, Breach, Jett, Killjoy, Sova",4
"Leviatán","Breeze","Chamber, Jett, KAY/O, Sova, Viper",4
"Leviatán","Breeze","Chamber, KAY/O, Skye, Sova, Viper",4
"Leviatán","Haven","Astra, Breach, Cypher, Jett, Sova",4
"Leviatán","Split","Astra, Breach, Chamber, KAY/O, Neon",4
"M3 Champions","Ascent","Astra, Jett, KAY/O, Killjoy, Sova",4
"M3 Champions","Fracture","Breach, Brimstone, Cypher, Raze, Sage",4
"Maru Gaming","Bind","Breach, Brimstone, Chamber, Neon, Raze",4
"MIBR","Fracture","Breach, Brimstone, Chamber, Neon, Sage",4
"Natus Vincere","Ascent","Astra, Jett, KAY/O, Killjoy, Sova",4
"Natus Vincere","Haven","Breach, Chamber, Fade, Omen, Raze",4
"Ninjas in Pyjamas","Haven","Cypher, Jett, KAY/O, Omen, Sova",4
"Ninjas in Pyjamas","Icebox","KAY/O, Killjoy, Neon, Omen, Viper",4
"NORTHEPTION","Ascent","Astra, Chamber, Fade, KAY/O, Killjoy",4
"NORTHEPTION","Fracture","Breach, Brimstone, Chamber, Neon, Raze",4
"NORTHEPTION","Haven","Breach, Jett, Killjoy, Omen, Skye",4
"NRG Esports","Ascent","Chamber, Fade, KAY/O, Omen, Raze",4
"NRG Esports","Icebox","Chamber, KAY/O, Sage, Sova, Viper",4
"Onic Esports","Ascent","Astra, Chamber, Fade, Jett, KAY/O",4
"Onic Esports","Breeze","Chamber, Jett, KAY/O, Sova, Viper",4
"Onic Esports","Breeze","Chamber, Jett, Skye, Sova, Viper",4
"On Sla2ers","Ascent","Astra, Fade, KAY/O, Killjoy, Yoru",4
"On Sla2ers","Ascent","Astra, Jett, KAY/O, Killjoy, Sova",4
"On Sla2ers","Bind","Brimstone, Raze, Sage, Skye, Viper",4
"On Sla2ers","Icebox","Jett, Killjoy, Sage, Sova, Viper",4
"OpTic Gaming","Haven","Breach, Chamber, Neon, Omen, Skye",4
"OpTic Gaming","Split","Astra, Chamber, Fade, KAY/O, Raze",4
"ORDER","Breeze","Chamber, Jett, KAY/O, Sova, Viper",4
"PAMPAS","Haven","Breach, Cypher, Omen, Raze, Sova",4
"Paper Rex","Bind","Breach, Brimstone, Fade, Raze, Yoru",4
"Paper Rex","Icebox","Chamber, Fade, Jett, Sage, Viper",4
"Paper Rex","Icebox","Chamber, Jett, Sage, Sova, Viper",4
"REJECT","Icebox","Chamber, Jett, Sage, Sova, Viper",4
"Sentinels","Ascent","Jett, KAY/O, Killjoy, Omen, Sova",4
"Sentinels","Bind","Astra, Jett, Raze, Sova, Viper",4
"SunXet Club","Breeze","Astra, Chamber, KAY/O, Sova, Viper",4
"Tartarus","Breeze","Chamber, Jett, KAY/O, Sova, Viper",4
"Tartarus","Fracture","Breach, Brimstone, Chamber, Jett, KAY/O",4
"TBK Esports","Ascent","Jett, Killjoy, Omen, Sage, Sova",4
"Team GP","Ascent","Astra, Jett, Killjoy, Skye, Sova",4
"Team Liquid","Ascent","Jett, KAY/O, Killjoy, Omen, Sova",4
"Team Secret","Breeze","Chamber, Jett, Skye, Sova, Viper",4
"Team Secret","Haven","Astra, Jett, KAY/O, Killjoy, Sova",4
"Team T5","Bind","Astra, Jett, Raze, Skye, Viper",4
"The Guard","Bind","Brimstone, Raze, Sage, Skye, Viper",4
"The Guard","Haven","Astra, Jett, Killjoy, Skye, Sova",4
"World Game Star","Fracture","Breach, Brimstone, Chamber, Neon, Viper",4
"World Game Star","Haven","Astra, Breach, Chamber, Jett, Sova",4
"XERXIA Esports","Ascent","Astra, Cypher, Jett, KAY/O, Sova",4
"XERXIA Esports","Bind","Astra, Chamber, Jett, Skye, Sova",4
"XSET","Bind","Astra, Jett, Raze, Sova, Viper",4
"XSET","Breeze","Astra, Jett, KAY/O, Sova, Viper",4
"XSET","Pearl","Astra, Chamber, Fade, KAY/O, Neon",4
"100 Thieves","Bind","Brimstone, Fade, Raze, Skye, Viper",3
"100 Thieves","Bind","Brimstone, Raze, Sage, Skye, Viper",3
"100 Thieves","Fracture","Astra, Breach, Chamber, Raze, Viper",3
"100 Thieves","Fracture","Breach, Brimstone, Chamber, KAY/O, Neon",3
"100 Thieves","Fracture","Breach, Brimstone, Chamber, Raze, Sage",3
"100 Thieves","Icebox","Chamber, KAY/O, Sage, Sova, Viper",3
"9z Team","Ascent","Astra, Jett, KAY/O, Killjoy, Sova",3
"9z Team","Ascent","Chamber, KAY/O, Omen, Sage, Sova",3
"9z Team","Haven","Breach, Chamber, Fade, Omen, Raze",3
"Acend","Bind","Brimstone, Raze, Sage, Skye, Viper",3
"Acend","Bind","Chamber, Omen, Raze, Skye, Viper",3
"Acend","Breeze","Chamber, Fade, Neon, Skye, Viper",3
"Acend","Icebox","Chamber, KAY/O, Reyna, Sova, Viper",3
"Alter Ego","Haven","Breach, Brimstone, Cypher, Neon, Skye",3
"BIG","Ascent","Jett, KAY/O, Killjoy, Omen, Sova",3
"BIG","Bind","Astra, Raze, Skye, Sova, Viper",3
"BIG","Split","Astra, Breach, Cypher, Jett, Sage",3
"Bleed Esports","Bind","Astra, Fade, Raze, Skye, Viper",3
"Bonkers(OCE)","Haven","Brimstone, Chamber, Raze, Sage, Sova",3
"BOOM Esports","Bind","Astra, Fade, Raze, Skye, Viper",3
"BOOM Esports","Breeze","Chamber, Jett, KAY/O, Sova, Viper",3
"BOOM Esports","Haven","Astra, Jett, Killjoy, Skye, Sova",3
"Brimstone","Breeze","Chamber, Jett, KAY/O, Sova, Viper",3
"CERBERUS Esports","Bind","Astra, Breach, Chamber, Fade, Raze",3
"Cloud9","Breeze","Chamber, Jett, KAY/O, Sova, Viper",3
"Cloud9","Breeze","Cypher, Jett, KAY/O, Sova, Viper",3
"Cloud9","Fracture","Chamber, Fade, Omen, Raze, Viper",3
"Cloud9","Haven","Breach, Chamber, Omen, Raze, Skye",3
"Cloud9","Haven","Breach, Jett, Killjoy, Omen, Skye",3
"CNJ Esports","Breeze","Chamber, Jett, Reyna, Sova, Viper",3
"CNJ Esports","Icebox","Chamber, Fade, Reyna, Sova, Viper",3
"Crazy Raccoon","Ascent","Jett, KAY/O, Killjoy, Omen, Sova",3
"Crazy Raccoon","Bind","Brimstone, Jett, Killjoy, Skye, Sova",3
"Crazy Raccoon","Icebox","Jett, Killjoy, Reyna, Sova, Viper",3
"DAMWON Gaming","Ascent","Fade, Jett, KAY/O, Omen, Sage",3
"DAMWON Gaming","Bind","Astra, Raze, Sage, Skye, Viper",3
"DAMWON Gaming","Breeze","Chamber, Jett, KAY/O, Sova, Viper",3
"DAMWON Gaming","Haven","Astra, Breach, Chamber, Jett, Sova",3
"DAMWON Gaming","Haven","Astra, Jett, Killjoy, Skye, Sova",3
"Desperado","Haven","Astra, Jett, Killjoy, Raze, Reyna",3
"DRX","Bind","Brimstone, Chamber, Raze, Skye, Viper",3
"DRX","Breeze","Chamber, KAY/O, Skye, Sova, Viper",3
"EBRO Gaming","Breeze","Cypher, Jett, Skye, Sova, Viper",3
"Evil Geniuses","Bind","Brimstone, Chamber, Fade, Raze, Skye",3
"Fancy United Esports","Haven","Astra, Breach, Chamber, Omen, Skye",3
"FAV gaming","Fracture","Astra, Breach, Cypher, Raze, Sage",3
"FaZe Clan","Haven","Breach, Chamber, Neon, Omen, Skye",3
"FaZe Clan","Icebox","Chamber, KAY/O, Raze, Sova, Viper",3
"FNATIC","Ascent","Chamber, Fade, KAY/O, Omen, Raze",3
"FNATIC","Bind","Brimstone, Chamber, Raze, Skye, Viper",3
"FULL SENSE","Ascent","Astra, Jett, KAY/O, Killjoy, Sova",3
"FunPlus Phoenix","Ascent","Fade, Jett, KAY/O, Omen, Sage",3
"FunPlus Phoenix","Breeze","Cypher, Jett, KAY/O, Sova, Viper",3
"FURIA","Fracture","Breach, Brimstone, Chamber, Raze, Viper",3
"FURIA","Icebox","Chamber, Jett, Sage, Sova, Viper",3
"FURIA","Icebox","Chamber, Killjoy, Sage, Sova, Viper",3
"FUSION","Breeze","Chamber, Jett, KAY/O, Sova, Viper",3
"G2 Esports (Inactive)","Bind","Chamber, Omen, Raze, Skye, Viper",3
"G2 Esports (Inactive)","Breeze","Chamber, Jett, KAY/O, Sova, Viper",3
"G2 Esports (Inactive)","Fracture","Breach, Brimstone, Chamber, KAY/O, Neon",3
"G2 Esports (Inactive)","Icebox","Jett, Killjoy, Sage, Sova, Viper",3
"G2 Esports (Inactive)","Split","Breach, Brimstone, Chamber, Raze, Sage",3
"G2 Esports (Inactive)","Split","Cypher, Jett, Omen, Raze, Sage",3
"Gamelanders Blue","Ascent","Astra, Jett, KAY/O, Killjoy, Sova",3
"Ghost Gaming","Haven","Astra, Breach, Chamber, Fade, Raze",3
"Ghost Gaming","Icebox","Chamber, KAY/O, Sage, Sova, Viper",3
"Griffin E-Sports","Ascent","Astra, Jett, KAY/O, Killjoy, Sova",3
"Guild Esports","Haven","Breach, Chamber, Fade, Omen, Raze",3
"Guild Esports","Haven","Breach, Jett, Killjoy, Omen, Sova",3
"Guild Esports","Icebox","Chamber, KAY/O, Sage, Sova, Viper",3
"HolyMolly","Ascent","Astra, Jett, KAY/O, Killjoy, Sova",3
"HolyMolly","Split","Astra, KAY/O, Raze, Sage, Viper",3
"IGZIST","Fracture","Astra, Breach, Chamber, Raze, Viper",3
"INGAMING Esports","Breeze","Cypher, Jett, Skye, Sova, Viper",3
"Keyd Stars","Ascent","Jett, Killjoy, Omen, Sage, Sova",3
"Keyd Stars","Breeze","Cypher, Jett, KAY/O, Sova, Viper",3
"Keyd Stars","Breeze","Cypher, Jett, Neon, Sova, Viper",3
"Keyd Stars","Haven","Brimstone, Chamber, Jett, Sage, Sova",3
"Keyd Stars","Icebox","Chamber, Raze, Sage, Sova, Viper",3
"Knights","Breeze","Cypher, Jett, KAY/O, Sova, Viper",3
"KRÜ Esports","Haven","Breach, Chamber, Fade, Omen, Raze",3
"Leviatán","Ascent","Chamber, KAY/O, Neon, Omen, Sova",3
"Leviatán","Haven","Breach, Jett, Killjoy, Omen, Sova",3
"Leviatán","Split","Cypher, Jett, Omen, Raze, Sage",3
"LOUD","Ascent","Astra, Jett, KAY/O, Killjoy, Sova",3
"LOUD","Bind","Astra, Raze, Skye, Sova, Viper",3
"LOUD","Breeze","Cypher, Jett, KAY/O, Sova, Viper",3
"LOUD","Icebox","Chamber, Fade, KAY/O, Sage, Viper",3
"Luminosity Gaming","Breeze","Cypher, Jett, KAY/O, Sova, Viper",3
"Luminosity Gaming","Breeze","Cypher, Jett, Skye, Sova, Viper",3
"M3 Champions","Bind","Brimstone, Raze, Sage, Skye, Viper",3
"M3 Champions","Bind","Fade, Omen, Raze, Skye, Viper",3
"M3 Champions","Fracture","Breach, Chamber, KAY/O, Omen, Raze",3
"M3 Champions","Icebox","Brimstone, Chamber, KAY/O, Sova, Viper",3
"M3 Champions","Icebox","Chamber, KAY/O, Sage, Sova, Viper",3
"Made in Thailand","Ascent","Astra, Jett, KAY/O, Killjoy, Sova",3
"Made in Thailand","Bind","Brimstone, Chamber, Raze, Skye, Viper",3
"Made in Thailand","Bind","Brimstone, Raze, Sage, Skye, Viper",3
"Made in Thailand","Fracture","Breach, Brimstone, Chamber, Neon, Sage",3
"Maru Gaming","Ascent","Astra, Chamber, Fade, Jett, KAY/O",3
"Maru Gaming","Breeze","Chamber, Jett, Sage, Sova, Viper",3
"Maru Gaming","Haven","Astra, Breach, Chamber, Jett, Sova",3
"Maru Gaming","Haven","Breach, Chamber, Jett, Omen, Raze",3
"Maru Gaming","Haven","Breach, Chamber, Jett, Omen, Skye",3
"Meta Gaming","Ascent","Astra, Chamber, Jett, KAY/O, Sova",3
"MIBR","Bind","Brimstone, Chamber, Raze, Skye, Viper",3
"MIBR","Icebox","Chamber, KAY/O, Sage, Sova, Viper",3
"Movistar Optix","Bind","Astra, Chamber, Raze, Skye, Viper",3
"Natus Vincere","Ascent","Jett, KAY/O, Killjoy, Omen, Sova",3
"Ninjas in Pyjamas","Breeze","Chamber, Jett, KAY/O, Sova, Viper",3
"Ninjas in Pyjamas","Fracture","Breach, Brimstone, Chamber, KAY/O, Neon",3
"Ninjas in Pyjamas","Fracture","Brimstone, Cypher, Jett, KAY/O, Sage",3
"NORTHEPTION","Bind","Astra, Breach, Jett, Skye, Viper",3
"NRG Esports","Icebox","Chamber, Omen, Sage, Sova, Viper",3
"OG LDN UTD","Haven","Astra, Breach, Chamber, Fade, Raze",3
"Onic Esports","Bind","Astra, Chamber, Raze, Sova, Viper",3
"Onic Esports","Fracture","Breach, Brimstone, Chamber, KAY/O, Neon",3
"Onic Esports","Icebox","Jett, KAY/O, Sage, Sova, Viper",3
"On Sla2ers","Bind","Astra, Jett, Sage, Skye, Viper",3
"On Sla2ers","Bind","Astra, Raze, Sage, Skye, Viper",3
"On Sla2ers","Breeze","Cypher, Jett, KAY/O, Sova, Viper",3
"OpTic Gaming","Fracture","Astra, Breach, Chamber, Raze, Viper",3
"OpTic Gaming","Haven","Astra, Chamber, KAY/O, Neon, Skye",3
"OpTic Gaming","Haven","Chamber, Fade, Killjoy, Omen, Phoenix",3
"OpTic Gaming","Haven","Chamber, KAY/O, Neon, Omen, Skye",3
"ORDER","Ascent","Chamber, Fade, KAY/O, Omen, Raze",3
"Paper Rex","Bind","Breach, Brimstone, Raze, Skye, Yoru",3
"Paper Rex","Bind","Brimstone, Chamber, Fade, Raze, Viper",3
"Paper Rex","Fracture","Breach, Chamber, Neon, Sage, Viper",3
"Paper Rex","Haven","Cypher, Jett, Omen, Reyna, Skye",3
"Paper Rex","Haven","Cypher, Jett, Omen, Reyna, Sova",3
"Persija Esports","Bind","Brimstone, Chamber, Neon, Raze, Sova",3
"Persija Esports","Breeze","Chamber, Jett, Skye, Sova, Viper",3
"Persija Esports","Haven","Brimstone, Jett, Killjoy, Raze, Sova",3
"REJECT","Bind","Brimstone, Raze, Sage, Skye, Viper",3
"REJECT","Icebox","Chamber, Fade, Reyna, Sova, Viper",3
"Rise","Fracture","Astra, Breach, Chamber, Raze, Viper",3
"Sengoku Gaming","Icebox","Jett, Killjoy, Sage, Sova, Viper",3
"Sentinels","Breeze","Chamber, Fade, KAY/O, Sova, Viper",3
"Sentinels","Fracture","Astra, Breach, Chamber, Jett, Viper",3
"South Built Esports","Ascent","Astra, Jett, KAY/O, Killjoy, Sova",3
"South Built Esports","Haven","Astra, Breach, Jett, Killjoy, Sova",3
"Spear Gaming","Ascent","Fade, Jett, KAY/O, Killjoy, Omen",3
"Spear Gaming","Breeze","Chamber, Jett, KAY/O, Sova, Viper",3
"Spear Gaming","Haven","Breach, Jett, Killjoy, Omen, Sova",3
"Spear Gaming","Split","Astra, Chamber, Raze, Skye, Viper",3
"Stars Horizon","Fracture","Breach, Brimstone, Chamber, Cypher, Raze",3
"SunXet Club","Ascent","Jett, Killjoy, Omen, Sage, Sova",3
"SuperMassive","Icebox","Jett, Killjoy, Sage, Sova, Viper",3
"TBK Esports","Bind","Astra, Fade, Raze, Skye, Viper",3
"TBK Esports","Breeze","Chamber, Jett, KAY/O, Sova, Viper",3
"TBK Esports","Fracture","Astra, Breach, Chamber, Raze, Viper",3
"TBK Esports","Haven","Breach, Chamber, Fade, Neon, Omen",3
"TBK Esports","Haven","Breach, Jett, Killjoy, Omen, Skye",3
"Team Liquid","Bind","Brimstone, Chamber, Raze, Skye, Viper",3
"Team Liquid","Bind","Brimstone, Raze, Sage, Skye, Viper",3
"Team Liquid","Breeze","Chamber, Jett, Skye, Sova, Viper",3
"Team Liquid","Haven","Astra, Chamber, KAY/O, Neon, Skye",3
"Team Liquid","Split","Breach, Brimstone, Omen, Raze, Sage",3
"Team Secret","Ascent","Chamber, Jett, KAY/O, Omen, Sova",3
"Team Secret","Haven","Breach, Jett, Killjoy, Omen, Sova",3
"Team Secret","Icebox","Chamber, Jett, Killjoy, Sova, Viper",3
"Team T5","Ascent","KAY/O, Killjoy, Omen, Reyna, Sova",3
"Team T5","Haven","Chamber, Jett, KAY/O, Omen, Sova",3
"Team Vikings","Ascent","Astra, Jett, KAY/O, Killjoy, Sova",3
"The Guard","Bind","Astra, Raze, Sage, Skye, Viper",3
"The Guard","Icebox","Brimstone, Chamber, Fade, KAY/O, Viper",3
"The Guard","Icebox","Jett, Killjoy, Sage, Sova, Viper",3
"Version1 (Inactive)","Fracture","Breach, Brimstone, Chamber, Raze, Sage",3
"World Game Star","Bind","Astra, Breach, Jett, Raze, Sova",3
"World Game Star","Split","Astra, Breach, Chamber, Jett, Sage",3
"XERXIA Esports","Ascent","Astra, Fade, Jett, KAY/O, Killjoy",3
"XERXIA Esports","Bind","Brimstone, Chamber, Raze, Skye, Viper",3
"XERXIA Esports","Haven","Breach, Jett, Killjoy, Omen, Skye",3
"XSET","Fracture","Breach, Chamber, Neon, Omen, Sage",3
"100 Thieves","Breeze","Chamber, Jett, KAY/O, Sova, Viper",2
"100 Thieves","Split","Astra, Breach, Fade, Raze, Viper",2
"100 Thieves","Split","Astra, Cypher, Raze, Skye, Viper",2
"9z Team","Bind","Astra, Chamber, Raze, Skye, Viper",2
"9z Team","Bind","Breach, Brimstone, Chamber, Raze, Skye",2
"9z Team","Bind","Brimstone, Chamber, Raze, Skye, Viper",2
"9z Team","Haven","Astra, Breach, Chamber, Fade, Raze",2
"9z Team","Icebox","Chamber, Jett, Sage, Sova, Viper",2
"9z Team","Split","Cypher, Omen, Raze, Sage, Skye",2
"Acend","Ascent","Jett, KAY/O, Killjoy, Omen, Sova",2
"Acend","Fracture","Breach, Brimstone, Chamber, KAY/O, Neon",2
"Acend","Haven","Astra, Jett, KAY/O, Killjoy, Skye",2
"Acend","Icebox","Chamber, KAY/O, Sage, Sova, Viper",2
"Alter Ego","Ascent","Jett, KAY/O, Omen, Sage, Sova",2
"Alter Ego","Icebox","Chamber, Jett, KAY/O, Sova, Viper",2
"BBL Esports","Haven","Astra, Breach, Jett, Killjoy, Sova",2
"BBL Esports","Icebox","Chamber, KAY/O, Sage, Sova, Viper",2
"BBL Esports","Icebox","Jett, Reyna, Sage, Sova, Viper",2
"BBL Esports","Split","Astra, Breach, Cypher, Raze, Sage",2
"BIG","Bind","Brimstone, Chamber, Fade, Raze, Skye",2
"BIG","Haven","Astra, Jett, KAY/O, Killjoy, Sova",2
"BIG","Haven","Breach, Chamber, Fade, Omen, Raze",2
"BIG","Haven","Breach, Fade, Jett, Killjoy, Omen",2
"BIG","Icebox","Chamber, Jett, Omen, Sova, Viper",2
"Bleed Esports","Bind","Breach, Brimstone, Jett, Sova, Viper",2
"Bleed Esports","Icebox","Chamber, Killjoy, Sage, Sova, Viper",2
"Bleed Esports","Icebox","Jett, Killjoy, Sage, Sova, Viper",2
"Bleed Esports","Split","Astra, Raze, Sage, Skye, Viper",2
"BLUE BEES.ESP","Bind","Fade, Omen, Raze, Sage, Skye",2
"BLUE BEES.ESP","Haven","Astra, Breach, Jett, Killjoy, Skye",2
"BLUE BEES.ESP","Split","Astra, Jett, Killjoy, Sage, Skye",2
"BLUE BEES.ESP","Split","Chamber, Fade, Omen, Raze, Sage",2
"Bonkers(OCE)","Bind","Brimstone, Chamber, Neon, Skye, Sova",2
"BOOM Esports","Ascent","Astra, Chamber, Jett, KAY/O, Sova",2
"BOOM Esports","Breeze","Cypher, Jett, KAY/O, Sova, Viper",2
"BOOM Esports","Fracture","Astra, Breach, Cypher, Raze, Viper",2
"BOOM Esports","Split","Astra, Breach, Chamber, KAY/O, Neon",2
"CERBERUS Esports","Breeze","Chamber, Jett, Skye, Sova, Viper",2
"Cloud9","Ascent","Chamber, Fade, KAY/O, Neon, Omen",2
"Cloud9","Bind","Astra, Chamber, Raze, Sova, Viper",2
"Cloud9","Haven","Astra, Breach, Jett, Killjoy, Skye",2
"CNJ Esports","Breeze","Chamber, KAY/O, Skye, Sova, Viper",2
"CNJ Esports","Fracture","Breach, Brimstone, Chamber, KAY/O, Raze",2
"Crazy Raccoon","Bind","Brimstone, Fade, Raze, Skye, Viper",2
"Crazy Raccoon","Breeze","Cypher, Jett, KAY/O, Sova, Viper",2
"Crazy Raccoon","Haven","Astra, Jett, Killjoy, Skye, Sova",2
"Crazy Raccoon","Haven","Breach, Jett, Killjoy, Omen, Sova",2
"Crazy Raccoon","Split","Breach, Cypher, Omen, Raze, Sage",2
"Crest Gaming ZST","Ascent","Astra, Cypher, Jett, Skye, Sova",2
"DAMWON Gaming","Ascent","Astra, Jett, KAY/O, Killjoy, Sova",2
"DAMWON Gaming","Breeze","Astra, Jett, KAY/O, Sova, Viper",2
"DAMWON Gaming","Fracture","Astra, Breach, Chamber, KAY/O, Raze",2
"DAMWON Gaming","Fracture","Astra, Breach, Chamber, Raze, Sage",2
"DRX","Ascent","Fade, Jett, KAY/O, Killjoy, Omen",2
"DRX","Ascent","Jett, KAY/O, Killjoy, Omen, Sova",2
"DRX","Haven","Astra, Breach, Jett, Killjoy, Skye",2
"DRX","Split","Breach, Chamber, Fade, Neon, Omen",2
"DRX","Split","Breach, Chamber, Neon, Omen, Sage",2
"EVA:e","Haven","Astra, Breach, Chamber, Raze, Skye",2
"Evil Geniuses","Bind","Astra, Raze, Skye, Sova, Viper",2
"Evil Geniuses","Haven","Astra, Jett, Killjoy, Skye, Sova",2
"Evil Geniuses","Icebox","Chamber, KAY/O, Sage, Sova, Viper",2
"Evil Geniuses","Split","Astra, Breach, Cypher, Raze, Skye",2
"E-Xolos LAZER","Bind","Astra, Chamber, Fade, KAY/O, Raze",2
"E-Xolos LAZER","Bind","Brimstone, Chamber, Raze, Skye, Sova",2
"E-Xolos LAZER","Bind","Chamber, Fade, Omen, Raze, Skye",2
"E-Xolos LAZER","Fracture","Breach, Brimstone, Chamber, Fade, Raze",2
"E-Xolos LAZER","Haven","Chamber, KAY/O, Omen, Raze, Sova",2
"E-Xolos LAZER","Icebox","Chamber, KAY/O, Killjoy, Sova, Viper",2
"Fancy United Esports","Ascent","Astra, Chamber, Fade, KAY/O, Omen",2
"Fancy United Esports","Fracture","Astra, Breach, Brimstone, KAY/O, Neon",2
"Fancy United Esports","Haven","Astra, Breach, Chamber, Jett, Skye",2
"Fancy United Esports","Icebox","Chamber, KAY/O, Omen, Sova, Viper",2
"FAV gaming","Bind","Astra, Raze, Sage, Skye, Viper",2
"FAV gaming","Bind","Brimstone, Raze, Sage, Skye, Viper",2
"FAV gaming","Haven","Breach, Chamber, Jett, KAY/O, Omen",2
"FAV gaming","Haven","Fade, Jett, Killjoy, Omen, Skye",2
"FAV gaming","Icebox","Jett, KAY/O, Sage, Sova, Viper",2
"FAV gaming","Icebox","Jett, Reyna, Sage, Sova, Viper",2
"FaZe Clan","Ascent","Astra, Chamber, Fade, KAY/O, Sova",2
"FaZe Clan","Ascent","Chamber, Jett, KAY/O, Omen, Sova",2
"FaZe Clan","Haven","Chamber, Fade, Omen, Raze, Sage",2
"FENNEL","Fracture","Astra, Breach, Cypher, Raze, Sage",2
"FENNEL","Split","Astra, Breach, Killjoy, Raze, Viper",2
"FNATIC","Ascent","Chamber, Fade, KAY/O, Omen, Sage",2
"FNATIC","Ascent","Fade, Jett, KAY/O, Killjoy, Omen",2
"FNATIC","Fracture","Astra, Breach, Chamber, Raze, Viper",2
"FNATIC","Fracture","Breach, Brimstone, Chamber, KAY/O, Neon",2
"FNATIC","Fracture","Breach, Brimstone, Chamber, Raze, Viper",2
"FNATIC","Fracture","Breach, Brimstone, Cypher, Raze, Viper",2
"FNATIC","Haven","Astra, Breach, Jett, Killjoy, Sova",2
"FNATIC","Haven","Breach, Chamber, Fade, Omen, Raze",2
"FNATIC","Pearl","Astra, Chamber, Fade, Neon, Skye",2
"FNATIC","Split","Astra, KAY/O, Raze, Sage, Viper",2
"FNATIC","Split","KAY/O, Omen, Raze, Sage, Viper",2
"FOKUS","Ascent","Jett, KAY/O, Killjoy, Omen, Sova",2
"FOKUS","Bind","Brimstone, Jett, Raze, Skye, Viper",2
"FOKUS","Breeze","Cypher, Jett, KAY/O, Sova, Viper",2
"FOKUS","Fracture","Breach, Brimstone, Cypher, Neon, Raze",2
"FULL SENSE","Breeze","Chamber, Jett, Skye, Sova, Viper",2
"FunPlus Phoenix","Breeze","Cypher, Jett, Skye, Sova, Viper",2
"FunPlus Phoenix","Haven","Chamber, Fade, KAY/O, Omen, Raze",2
"FunPlus Phoenix","Icebox","Chamber, KAY/O, Sage, Sova, Viper",2
"FunPlus Phoenix","Icebox","Chamber, Killjoy, Sage, Sova, Viper",2
"FunPlus Phoenix","Split","Astra, KAY/O, Killjoy, Raze, Viper",2
"FunPlus Phoenix","Split","Cypher, Jett, Omen, Raze, Sage",2
"FURIA","Ascent","Astra, Jett, KAY/O, Killjoy, Sova",2
"FURIA","Fracture","Breach, Brimstone, Chamber, Neon, Sage",2
"FURIA","Haven","Breach, Killjoy, Neon, Omen, Skye",2
"FURIA","Haven","Jett, Killjoy, Omen, Sage, Skye",2
"FUSION","Ascent","Chamber, Fade, KAY/O, Omen, Raze",2
"FUSION","Bind","Brimstone, Chamber, Fade, Raze, Skye",2
"FUSION","Breeze","Chamber, Jett, Reyna, Sova, Viper",2
"FUSION","Icebox","Chamber, Killjoy, Sage, Sova, Viper",2
"FW Esports","Haven","Astra, Breach, Killjoy, Neon, Skye",2
"G2 Esports (Inactive)","Ascent","Astra, Jett, KAY/O, Killjoy, Sova",2
"G2 Esports (Inactive)","Ascent","Jett, KAY/O, Killjoy, Omen, Sova",2
"G2 Esports (Inactive)","Split","Breach, Chamber, Omen, Raze, Sage",2
"G2 Esports (Inactive)","Split","Chamber, Cypher, Omen, Raze, Sage",2
"Gaimin Gladiators","Ascent","Chamber, Fade, KAY/O, Omen, Yoru",2
"Gaimin Gladiators","Haven","Breach, Jett, Killjoy, Omen, Sova",2
"Gambit Esports","Icebox","Jett, KAY/O, Sage, Sova, Viper",2
"Gamelanders Blue","Bind","Astra, Jett, KAY/O, Sova, Viper",2
"Gamelanders Blue","Breeze","Cypher, KAY/O, Neon, Sova, Viper",2
"Gamelanders Blue","Fracture","Breach, Brimstone, Chamber, Fade, Raze",2
"Gamelanders Blue","Icebox","Chamber, KAY/O, Sage, Sova, Viper",2
"Gamelanders Blue","Split","Astra, Cypher, Jett, Skye, Viper",2
"Gamelanders Blue","Split","Chamber, Omen, Raze, Skye, Viper",2
"Ghost Gaming","Fracture","Breach, Brimstone, Chamber, Raze, Sage",2
"Griffin E-Sports","Bind","Breach, Brimstone, Raze, Sage, Skye",2
"Griffin E-Sports","Haven","Breach, Chamber, Neon, Omen, Skye",2
"Guild Esports","Ascent","Astra, Chamber, Fade, KAY/O, Raze",2
"Guild Esports","Ascent","Jett, KAY/O, Killjoy, Omen, Sova",2
"Guild Esports","Bind","Astra, Fade, Raze, Skye, Viper",2
"Guild Esports","Bind","Astra, Jett, Skye, Sova, Viper",2
"Guild Esports","Breeze","Cypher, Jett, KAY/O, Sova, Viper",2
"Guild Esports","Haven","Astra, Chamber, Jett, Skye, Sova",2
"Guild Esports","Icebox","Jett, KAY/O, Sage, Sova, Viper",2
"Guild Esports","Split","Breach, Cypher, Omen, Raze, Sage",2
"Hexad","Ascent","Astra, Jett, Killjoy, Reyna, Sova",2
"HolyMolly","Bind","Brimstone, Chamber, Sage, Skye, Viper",2
"HolyMolly","Fracture","Breach, Brimstone, Cypher, Neon, Sage",2
"HolyMolly","Haven","Astra, Breach, Chamber, Neon, Skye",2
"HolyMolly","Haven","Astra, Breach, Jett, Killjoy, Sova",2
"HolyMolly","Haven","Breach, Jett, Killjoy, Omen, Sova",2
"IGZIST","Ascent","Jett, KAY/O, Killjoy, Omen, Sova",2
"IGZIST","Bind","Breach, Brimstone, Chamber, Raze, Sova",2
"IGZIST","Haven","Astra, Breach, Chamber, Jett, Skye",2
"INGAMING Esports","Ascent","Astra, Cypher, Jett, KAY/O, Sova",2
"INGAMING Esports","Icebox","Jett, Killjoy, Sage, Sova, Viper",2
"IXA","Haven","Astra, Breach, Chamber, Jett, Sova",2
"Jadeite","Haven","Astra, Breach, Jett, Killjoy, Sova",2
"Keyd Stars","Ascent","Astra, Jett, Killjoy, Sage, Sova",2
"Keyd Stars","Ascent","Breach, Chamber, Fade, Omen, Raze",2
"Keyd Stars","Breeze","Chamber, Jett, KAY/O, Sova, Viper",2
"Keyd Stars","Icebox","Chamber, KAY/O, Sage, Sova, Viper",2
"Knights","Bind","Astra, Jett, Raze, Sova, Viper",2
"Knights","Haven","Astra, Jett, Killjoy, Skye, Sova",2
"KRÜ Esports","Ascent","Chamber, Jett, KAY/O, Omen, Sova",2
"KRÜ Esports","Ascent","Jett, KAY/O, Killjoy, Omen, Sova",2
"KRÜ Esports","Bind","Astra, Raze, Sage, Skye, Viper",2
"KRÜ Esports","Breeze","Chamber, KAY/O, Neon, Sova, Viper",2
"KRÜ Esports","Fracture","Breach, Brimstone, Chamber, Jett, Sage",2
"KRÜ Esports","Fracture","Breach, Brimstone, Chamber, Raze, Sage",2
"KRÜ Esports","Split","Astra, Chamber, Raze, Skye, Viper",2
"KRÜ Esports","Split","Cypher, Jett, Omen, Raze, Sage",2
"LDN UTD","Ascent","Astra, Jett, KAY/O, Killjoy, Sova",2
"LDN UTD","Split","Astra, Cypher, KAY/O, Raze, Sage",2
"Leviatán","Ascent","Astra, Jett, KAY/O, Killjoy, Sova",2
"Leviatán","Ascent","Jett, KAY/O, Killjoy, Omen, Sova",2
"Leviatán","Bind","Astra, Raze, Skye, Sova, Viper",2
"Leviatán","Breeze","Chamber, KAY/O, Neon, Sova, Viper",2
"Leviatán","Fracture","Breach, Brimstone, Chamber, KAY/O, Neon",2
"Leviatán","Fracture","Breach, Brimstone, Cypher, Jett, Raze",2
"Leviatán","Haven","Breach, Chamber, Neon, Omen, Skye",2
"Liberty","Ascent","Chamber, Fade, KAY/O, Omen, Raze",2
"Liberty","Haven","Breach, Chamber, Omen, Raze, Skye",2
"Liberty","Split","Chamber, Omen, Raze, Sage, Skye",2
"LOUD","Breeze","Cypher, Jett, Skye, Sova, Viper",2
"LOUD","Fracture","Chamber, Fade, Omen, Raze, Viper",2
"LOUD","Icebox","Chamber, Jett, Sage, Sova, Viper",2
"LOUD","Split","Astra, Breach, Fade, Raze, Viper",2
"Luminosity Gaming","Ascent","Jett, KAY/O, Killjoy, Omen, Sova",2
"Luminosity Gaming","Bind","Astra, Chamber, Raze, Sova, Viper",2
"Luminosity Gaming","Bind","Brimstone, Chamber, Raze, Sage, Sova",2
"Luminosity Gaming","Bind","Brimstone, Chamber, Raze, Skye, Viper",2
"Luminosity Gaming","Fracture","Breach, Brimstone, Chamber, Cypher, Raze",2
"Luminosity Gaming","Fracture","Breach, Brimstone, Chamber, KAY/O, Neon",2
"Luminosity Gaming","Fracture","Breach, Brimstone, Chamber, KAY/O, Raze",2
"Luminosity Gaming","Split","Astra, Cypher, Raze, Sage, Skye",2
"Luminosity Gaming","Split","Cypher, Jett, Omen, Raze, Sage",2
"M3 Champions","Ascent","Astra, Chamber, Fade, KAY/O, Sova",2
"M3 Champions","Bind","Brimstone, Fade, Raze, Skye, Viper",2
"M3 Champions","Breeze","Cypher, Jett, KAY/O, Sova, Viper",2
"M3 Champions","Haven","Chamber, Jett, KAY/O, Omen, Sova",2
"M3 Champions","Split","Astra, Breach, Chamber, KAY/O, Neon",2
"Made in Thailand","Breeze","Chamber, Jett, KAY/O, Sova, Viper",2
"Made in Thailand","Haven","Astra, Breach, Jett, Killjoy, Sova",2
"Made in Thailand","Haven","Astra, Jett, Killjoy, Skye, Sova",2
"Made in Thailand","Haven","Breach, Chamber, Neon, Omen, Sova",2
"Made in Thailand","Icebox","Chamber, KAY/O, Sage, Sova, Viper",2
"Maru Gaming","Ascent","Astra, Fade, Jett, KAY/O, Omen",2
"Maru Gaming","Bind","Breach, Brimstone, Chamber, Fade, Neon",2
"Maru Gaming","Split","Breach, Chamber, Neon, Omen, Sage",2
"Meta Gaming","Haven","Astra, Cypher, Jett, KAY/O, Sova",2
"MIBR","Ascent","Chamber, Fade, KAY/O, Omen, Raze",2
"Movistar Optix","Bind","Brimstone, Chamber, Raze, Skye, Viper",2
"Movistar Optix","Haven","Astra, Breach, Cypher, Jett, Sova",2
"Movistar Optix","Haven","Astra, Jett, Killjoy, Skye, Sova",2
"Movistar Optix","Icebox","Chamber, Reyna, Sage, Sova, Viper",2
"Natus Vincere","Bind","Astra, Jett, KAY/O, Sova, Viper",2
"Natus Vincere","Bind","Chamber, Omen, Raze, Skye, Viper",2
"Natus Vincere","Breeze","Cypher, Jett, KAY/O, Sova, Viper",2
"Natus Vincere","Breeze","Cypher, Jett, Skye, Sova, Viper",2
"Natus Vincere","Fracture","Chamber, Fade, Omen, Raze, Viper",2
"Natus Vincere","Haven","Astra, Cypher, Jett, KAY/O, Skye",2
"Natus Vincere","Icebox","Chamber, KAY/O, Sage, Sova, Viper",2
"Natus Vincere","Icebox","Jett, KAY/O, Sage, Sova, Viper",2
"Ninjas in Pyjamas","Ascent","Jett, Killjoy, Omen, Reyna, Sova",2
"Ninjas in Pyjamas","Breeze","Cypher, Jett, KAY/O, Sova, Viper",2
"Ninjas in Pyjamas","Icebox","Chamber, Fade, KAY/O, Sage, Viper",2
"No Namers","Ascent","Jett, KAY/O, Killjoy, Omen, Sova",2
"No Namers","Haven","Brimstone, Chamber, Jett, Skye, Sova",2
"NORTHEPTION","Ascent","Astra, Jett, KAY/O, Killjoy, Sova",2
"NORTHEPTION","Ascent","Jett, KAY/O, Killjoy, Omen, Sova",2
"NORTHEPTION","Bind","Breach, Brimstone, Chamber, Fade, Neon",2
"NORTHEPTION","Breeze","Chamber, Jett, Skye, Sova, Viper",2
"NORTHEPTION","Fracture","Astra, Breach, Chamber, Raze, Viper",2
"NORTHEPTION","Split","Breach, Chamber, Jett, Omen, Sage",2
"NORTHEPTION","Split","Breach, Chamber, Neon, Omen, Sage",2
"NRG Esports","Ascent","Chamber, Fade, KAY/O, Omen, Sage",2
"NRG Esports","Bind","Astra, Breach, Chamber, Fade, Raze",2
"NRG Esports","Breeze","Chamber, Omen, Skye, Sova, Viper",2
"NRG Esports","Fracture","Astra, Breach, Chamber, Jett, Viper",2
"NRG Esports","Fracture","Astra, Breach, Chamber, Raze, Viper",2
"NRG Esports","Haven","Astra, Breach, Chamber, Raze, Sova",2
"NRG Esports","Haven","Astra, Jett, KAY/O, Killjoy, Sova",2
"Oblivion Force","Ascent","Jett, KAY/O, Killjoy, Omen, Sova",2
"Oblivion Force","Icebox","Chamber, Jett, Sage, Sova, Viper",2
"OG LDN UTD","Ascent","Cypher, Fade, Jett, Omen, Sova",2
"OG LDN UTD","Bind","Astra, Fade, KAY/O, Raze, Viper",2
"OG LDN UTD","Fracture","Breach, Brimstone, Cypher, Raze, Sage",2
"OG LDN UTD","Icebox","Chamber, Fade, KAY/O, Sage, Viper",2
"Onic Esports","Ascent","Astra, Chamber, Jett, KAY/O, Sova",2
"On Sla2ers","Bind","Astra, Jett, Skye, Sova, Viper",2
"On Sla2ers","Bind","Brimstone, Fade, Raze, Skye, Viper",2
"On Sla2ers","Fracture","Astra, Breach, Chamber, Raze, Viper",2
"OpTic Gaming","Ascent","Astra, Jett, Killjoy, Skye, Sova",2
"OpTic Gaming","Ascent","Breach, Chamber, Fade, Omen, Yoru",2
"OpTic Gaming","Bind","Astra, Chamber, Raze, Sova, Viper",2
"OpTic Gaming","Icebox","Brimstone, Chamber, Fade, KAY/O, Viper",2
"OpTic Gaming","Pearl","Astra, Chamber, Fade, KAY/O, Viper",2
"ORDER","Haven","Breach, Chamber, Jett, Omen, Skye",2
"PAMPAS","Ascent","Fade, Jett, KAY/O, Killjoy, Omen",2
"Paper Rex","Haven","Astra, Cypher, Jett, Reyna, Skye",2
"Pentagon","Breeze","Chamber, Jett, KAY/O, Skye, Viper",2
"Persija Esports","Fracture","Breach, Brimstone, Cypher, Jett, Raze",2
"Reignite","Haven","Jett, KAY/O, Killjoy, Omen, Sova",2
"REJECT","Ascent","Brimstone, Jett, KAY/O, Killjoy, Sova",2
"REJECT","Bind","Brimstone, Chamber, Raze, Skye, Viper",2
"REJECT","Bind","Brimstone, Fade, Raze, Skye, Viper",2
"REJECT","Haven","Astra, Breach, Chamber, Fade, Raze",2
"REJECT","Haven","Astra, Jett, KAY/O, Killjoy, Sova",2
"REJECT","Haven","Brimstone, Cypher, Jett, Reyna, Skye",2
"Rex Regum Qeon","Haven","Astra, Breach, Chamber, Fade, Raze",2
"Rex Regum Qeon","Split","Cypher, Omen, Raze, Sage, Skye",2
"Rise","Ascent","Astra, Jett, KAY/O, Killjoy, Sova",2
"Rise","Bind","Astra, Chamber, Raze, Sova, Viper",2
"Rise","Haven","Astra, Cypher, Jett, KAY/O, Sova",2
"SCARZ","Ascent","Astra, Jett, KAY/O, Killjoy, Sova",2
"SCARZ","Haven","Astra, Breach, Jett, Killjoy, Sova",2
"Sengoku Gaming","Haven","Astra, Breach, Jett, Killjoy, Skye",2
"Sentinels","Ascent","Astra, Jett, KAY/O, Killjoy, Sova",2
"Sentinels","Bind","Jett, Omen, Skye, Sova, Viper",2
"Sentinels","Fracture","Breach, Brimstone, Chamber, KAY/O, Neon",2
"Sentinels","Haven","Astra, Chamber, Jett, Skye, Sova",2
"Sentinels","Haven","Breach, Chamber, Jett, KAY/O, Omen",2
"Sentinels","Icebox","Chamber, Jett, Sage, Sova, Viper",2
"Sharks Esports","Fracture","Astra, Breach, Cypher, Jett, Viper",2
"Sharks Esports","Icebox","Jett, KAY/O, Sage, Sova, Viper",2
"Shopify Rebellion","Fracture","Breach, Brimstone, Chamber, KAY/O, Neon",2
"South Built Esports","Breeze","Cypher, Jett, KAY/O, Sova, Viper",2
"Spear Gaming","Bind","Breach, Brimstone, Chamber, Raze, Skye",2
"Spear Gaming","Fracture","Astra, Breach, Jett, KAY/O, Viper",2
"Storks Phalanx","Split","Astra, Killjoy, Raze, Skye, Viper",2
"SunXet Club","Bind","Brimstone, Chamber, Raze, Skye, Viper",2
"SunXet Club","Icebox","Chamber, KAY/O, Sage, Sova, Viper",2
"SuperMassive","Ascent","Astra, Jett, Killjoy, Sage, Sova",2
"SuperMassive","Haven","Astra, Breach, Jett, Killjoy, Sova",2
"SuperMassive","Split","Astra, Jett, Sage, Skye, Viper",2
"Tartarus","Bind","Breach, Brimstone, Chamber, Fade, Raze",2
"Tartarus","Haven","Breach, Chamber, Jett, Omen, Skye",2
"Tartarus","Split","Breach, Chamber, Omen, Raze, Sage",2
"TBK Esports","Ascent","Astra, Jett, KAY/O, Killjoy, Skye",2
"TBK Esports","Breeze","Chamber, Neon, Omen, Sova, Viper",2
"Team Liquid","Breeze","Chamber, KAY/O, Phoenix, Sova, Viper",2
"Team Liquid","Fracture","Astra, Breach, Chamber, Raze, Skye",2
"Team Liquid","Fracture","Astra, Breach, Cypher, Raze, Skye",2
"Team Liquid","Fracture","Breach, Brimstone, Chamber, Jett, Neon",2
"Team Liquid","Haven","Breach, Chamber, Jett, Omen, Skye",2
"Team Liquid","Haven","Brimstone, Chamber, Jett, Omen, Skye",2
"Team Liquid","Icebox","Chamber, Jett, Omen, Sova, Viper",2
"Team Liquid","Icebox","Fade, Omen, Raze, Sage, Viper",2
"Team Liquid","Icebox","Jett, Killjoy, Sage, Sova, Viper",2
"Team Secret","Ascent","Astra, Fade, Jett, KAY/O, Killjoy",2
"Team Secret","Bind","Brimstone, Fade, Raze, Skye, Viper",2
"Team Secret","Icebox","Chamber, Fade, Jett, Sage, Viper",2
"Team T5","Bind","Astra, Jett, Skye, Sova, Viper",2
"Team T5","Breeze","Chamber, Omen, Reyna, Sova, Viper",2
"Team T5","Breeze","Jett, KAY/O, Sage, Sova, Viper",2
"Team T5","Haven","Astra, Chamber, Jett, KAY/O, Sova",2
"The Guard","Ascent","Fade, Jett, KAY/O, Killjoy, Omen",2
"The Guard","Breeze","Chamber, Jett, KAY/O, Sova, Viper",2
"The Guard","Fracture","Breach, Brimstone, Chamber, Fade, Jett",2
"The Guard","Fracture","Breach, Brimstone, Chamber, Raze, Viper",2
"The Guard","Haven","Astra, Breach, Jett, Killjoy, Sova",2
"The Guard","Haven","Breach, Chamber, Fade, Omen, Raze",2
"The Guard","Split","Breach, Chamber, Omen, Raze, Skye",2
"TSM","Haven","Breach, Chamber, Neon, Omen, Skye",2
"TSM","Split","Astra, Chamber, Raze, Skye, Viper",2
"Velocity Gaming","Ascent","Chamber, Jett, KAY/O, Omen, Sova",2
"Velocity Gaming","Haven","Jett, KAY/O, Killjoy, Omen, Sova",2
"Version1 (Inactive)","Breeze","Cypher, Jett, KAY/O, Sova, Viper",2
"Version1 (Inactive)","Fracture","Astra, Breach, Chamber, Raze, Viper",2
"VPZ","Ascent","Astra, Jett, Killjoy, Reyna, Sova",2
"World Game Star","Ascent","Fade, KAY/O, Omen, Raze, Reyna",2
"World Game Star","Breeze","Chamber, Fade, Jett, KAY/O, Viper",2
"World Game Star","Fracture","Astra, Breach, Chamber, Neon, Viper",2
"World Game Star","Icebox","Chamber, Jett, Sage, Sova, Viper",2
"World Game Star","Split","Astra, Breach, Jett, Killjoy, Sage",2
"XERXIA Esports","Ascent","Astra, Chamber, Fade, KAY/O, Sova",2
"XERXIA Esports","Ascent","Jett, Killjoy, Omen, Sage, Sova",2
"XERXIA Esports","Breeze","Chamber, Jett, KAY/O, Skye, Viper",2
"XERXIA Esports","Breeze","Chamber, KAY/O, Skye, Sova, Viper",2
"XERXIA Esports","Fracture","Astra, Breach, Cypher, Jett, Sage",2
"XERXIA Esports","Fracture","Breach, Brimstone, Cypher, Fade, Jett",2
"XSET","Ascent","Brimstone, Jett, KAY/O, Killjoy, Sova",2
"XSET","Bind","Astra, Breach, Chamber, Raze, Sova",2
"XSET","Bind","Brimstone, Chamber, Raze, Skye, Viper",2
"XSET","Fracture","Astra, Breach, Chamber, Raze, Viper",2
"XSET","Icebox","Chamber, KAY/O, Raze, Sova, Viper",2
"XSET","Icebox","Chamber, KAY/O, Sage, Sova, Viper",2
"ZETA DIVISION","Ascent","Astra, Chamber, Fade, KAY/O, Raze",2
"ZETA DIVISION","Bind","Chamber, Fade, Omen, Raze, Viper",2
"ZETA DIVISION","Breeze","Chamber, Jett, Skye, Sova, Viper",2
"ZETA DIVISION","Fracture","Breach, Brimstone, Chamber, Neon, Raze",2
"ZETA DIVISION","Haven","Astra, Chamber, Fade, KAY/O, Neon",2
"ZETA DIVISION","Haven","Breach, Chamber, Fade, KAY/O, Omen",2
"ややーず","Breeze","Chamber, Jett, KAY/O, Sova, Viper",1
"ややーず","Split","Astra, Cypher, Jett, Raze, Sage",1
"100 Thieves","Ascent","Astra, Chamber, Cypher, Skye, Sova",1
"100 Thieves","Ascent","Jett, KAY/O, Killjoy, Omen, Sova",1
"100 Thieves","Breeze","Chamber, KAY/O, Reyna, Sova, Viper",1
"100 Thieves","Breeze","Cypher, Jett, Skye, Sova, Viper",1
"100 Thieves","Fracture","Breach, Brimstone, Chamber, KAY/O, Raze",1
"100 Thieves","Haven","Astra, Cypher, Jett, Skye, Sova",1
"100 Thieves","Haven","Breach, Chamber, Jett, Omen, Skye",1
"100 Thieves","Haven","Breach, Chamber, Jett, Omen, Sova",1
"100 Thieves","Pearl","Astra, Fade, Raze, Sage, Viper",1
"100 Thieves","Split","Astra, Chamber, Raze, Skye, Viper",1
"100 Thieves","Split","Cypher, Omen, Raze, Sage, Skye",1
"9z Team","Ascent","Chamber, Fade, KAY/O, Omen, Raze",1
"9z Team","Ascent","Jett, KAY/O, Killjoy, Omen, Sova",1
"9z Team","Ascent","Jett, Killjoy, Omen, Reyna, Sova",1
"9z Team","Bind","Breach, Brimstone, Raze, Sage, Sova",1
"9z Team","Bind","Breach, Brimstone, Raze, Skye, Viper",1
"9z Team","Breeze","Chamber, Fade, KAY/O, Sova, Viper",1
"9z Team","Breeze","Chamber, KAY/O, Skye, Sova, Viper",1
"9z Team","Breeze","Cypher, Jett, Skye, Sova, Viper",1
"9z Team","Fracture","Breach, Brimstone, Chamber, Raze, Sage",1
"9z Team","Split","Breach, Chamber, Omen, Raze, Skye",1
"Acend","Bind","Brimstone, KAY/O, Raze, Skye, Viper",1
"Acend","Breeze","Astra, Chamber, KAY/O, Sova, Viper",1
"Acend","Breeze","Jett, Omen, Skye, Sova, Viper",1
"Acend","Fracture","Breach, Brimstone, Chamber, Jett, Viper",1
"Acend","Haven","Breach, Chamber, Fade, Omen, Raze",1
"Acend","Haven","Breach, Fade, Jett, Killjoy, Omen",1
"Acend","Split","Breach, Chamber, Cypher, Omen, Raze",1
"Acend","Split","Chamber, Cypher, Omen, Raze, Sage",1
"Alter Ego","Haven","Cypher, Neon, Omen, Reyna, Skye",1
"Alter Ego","Icebox","Chamber, KAY/O, Raze, Sova, Viper",1
"Alter Ego","Split","Cypher, Fade, KAY/O, Omen, Raze",1
"Alter Ego","Split","Cypher, Fade, Omen, Raze, Skye",1
"AWS","Ascent","Astra, Cypher, Jett, Reyna, Sova",1
"AWS","Haven","Astra, Cypher, Jett, Skye, Sova",1
"BBL Esports","Ascent","Astra, Chamber, KAY/O, Sage, Sova",1
"BBL Esports","Ascent","Fade, Jett, KAY/O, Killjoy, Omen",1
"BBL Esports","Bind","Brimstone, Chamber, Sage, Skye, Viper",1
"BBL Esports","Breeze","Chamber, KAY/O, Neon, Sova, Viper",1
"BBL Esports","Breeze","Cypher, Jett, Skye, Sova, Viper",1
"BBL Esports","Haven","Breach, Chamber, Jett, Omen, Sova",1
"BBL Esports","Haven","Breach, Fade, Jett, Killjoy, Omen",1
"BBL Esports","Icebox","Jett, Killjoy, Sage, Sova, Viper",1
"BBL Esports","Split","Astra, Breach, Cypher, Jett, Sage",1
"BBL Esports","Split","Breach, Chamber, Omen, Raze, Sage",1
"BIG","Ascent","Astra, Cypher, Jett, KAY/O, Sova",1
"BIG","Breeze","Cypher, Jett, KAY/O, Sova, Viper",1
"BIG","Breeze","Cypher, Jett, Skye, Sova, Viper",1
"BIG","Fracture","Breach, Brimstone, Chamber, Raze, Sage",1
"BIG","Icebox","Chamber, Jett, Sage, Sova, Viper",1
"BIG","Split","Astra, Cypher, Jett, Sage, Skye",1
"Bleed Esports","Ascent","Fade, Jett, KAY/O, Omen, Sage",1
"Bleed Esports","Breeze","Astra, Chamber, Skye, Sova, Viper",1
"Bleed Esports","Breeze","Chamber, Jett, Skye, Sova, Viper",1
"Bleed Esports","Breeze","Cypher, Jett, Skye, Sova, Viper",1
"Bleed Esports","Fracture","Breach, Brimstone, Chamber, Jett, Raze",1
"Bleed Esports","Fracture","Breach, Chamber, Neon, Raze, Viper",1
"Bleed Esports","Haven","Cypher, Jett, Omen, Skye, Sova",1
"Bleed Esports","Icebox","Chamber, Jett, Sage, Sova, Viper",1
"Bleed Esports","Icebox","Cypher, Jett, Sage, Sova, Viper",1
"Bleed Esports","Split","Breach, Brimstone, Cypher, Jett, Sage",1
"Bleed Esports","Split","Jett, Killjoy, Omen, Raze, Sage",1
"BLUE BEES.ESP","Ascent","Astra, Cypher, Jett, KAY/O, Sova",1
"BLUE BEES.ESP","Ascent","Fade, Jett, KAY/O, Omen, Sage",1
"BLUE BEES.ESP","Bind","Astra, Jett, Skye, Sova, Viper",1
"BLUE BEES.ESP","Breeze","Cypher, Jett, Skye, Sova, Viper",1
"BLUE BEES.ESP","Haven","Breach, Chamber, Omen, Raze, Skye",1
"Bonkers(OCE)","Breeze","Chamber, Jett, Skye, Sova, Viper",1
"Bonkers(OCE)","Fracture","Astra, Breach, Cypher, Raze, Viper",1
"Bonkers(OCE)","Split","Astra, Raze, Sage, Skye, Viper",1
"BOOM Esports","Bind","Breach, Brimstone, Chamber, Neon, Skye",1
"BOOM Esports","Bind","Brimstone, Chamber, Raze, Skye, Viper",1
"BOOM Esports","Bind","Brimstone, Jett, Skye, Sova, Viper",1
"BOOM Esports","Fracture","Breach, Brimstone, Chamber, Neon, Raze",1
"BOOM Esports","Haven","Astra, Breach, Cypher, Jett, Sova",1
"BOOM Esports","Haven","Breach, Chamber, Neon, Omen, Skye",1
"BOOM Esports","Haven","Breach, Chamber, Neon, Omen, Sova",1
"BOOM Esports","Pearl","Chamber, Fade, Neon, Omen, Viper",1
"BOOM Esports","Split","Astra, Killjoy, Raze, Sage, Skye",1
"BOOM Esports","Split","Chamber, Fade, Omen, Raze, Viper",1
"Brimstone","Ascent","Astra, Jett, KAY/O, Killjoy, Sova",1
"Brimstone","Bind","Astra, Raze, Sage, Skye, Viper",1
"Brimstone","Haven","Astra, Breach, Chamber, Jett, Skye",1
"Brimstone","Split","Astra, KAY/O, Raze, Sage, Viper",1
"CERBERUS Esports","Ascent","Astra, Chamber, Fade, KAY/O, Raze",1
"CERBERUS Esports","Ascent","Breach, Chamber, Jett, Omen, Sova",1
"CERBERUS Esports","Bind","Brimstone, Chamber, Fade, Raze, Skye",1
"CERBERUS Esports","Icebox","Chamber, Jett, Sage, Sova, Viper",1
"CERBERUS Esports","Split","Astra, Breach, Chamber, Raze, Sage",1
"Cloud9","Ascent","Astra, Chamber, Fade, Jett, KAY/O",1
"Cloud9","Ascent","Astra, Jett, KAY/O, Killjoy, Sova",1
"Cloud9","Ascent","Chamber, Jett, KAY/O, Omen, Sova",1
"Cloud9","Ascent","Fade, Jett, KAY/O, Killjoy, Omen",1
"Cloud9","Bind","Breach, Brimstone, Raze, Sova, Viper",1
"Cloud9","Breeze","Cypher, KAY/O, Neon, Sova, Viper",1
"Cloud9","Haven","Breach, Chamber, Fade, Omen, Raze",1
"Cloud9","Haven","Breach, Chamber, Jett, Omen, Skye",1
"Cloud9","Icebox","Chamber, Jett, Sage, Sova, Viper",1
"Cloud9","Split","Astra, Breach, Chamber, Killjoy, Raze",1
"Cloud9","Split","Breach, Chamber, KAY/O, Omen, Raze",1
"Cloud9","Split","Breach, Chamber, Killjoy, Omen, Raze",1
"CNJ Esports","Ascent","Astra, Jett, KAY/O, Killjoy, Sova",1
"CNJ Esports","Bind","Astra, Breach, Jett, Killjoy, Sova",1
"CNJ Esports","Fracture","Breach, Brimstone, Chamber, Raze, Sage",1
"CNJ Esports","Haven","Astra, Breach, Chamber, Neon, Skye",1
"CNJ Esports","Haven","Astra, Breach, Jett, Killjoy, Skye",1
"Crazy Raccoon","Ascent","Fade, KAY/O, Killjoy, Omen, Raze",1
"Crazy Raccoon","Bind","Astra, Breach, Chamber, Jett, Sova",1
"Crazy Raccoon","Breeze","Chamber, Jett, KAY/O, Sova, Viper",1
"Crazy Raccoon","Fracture","Astra, Breach, Chamber, Jett, Skye",1
"Crazy Raccoon","Haven","Astra, Chamber, Jett, Reyna, Sova",1
"Crazy Raccoon","Haven","Breach, Killjoy, Omen, Raze, Skye",1
"Crazy Raccoon","Icebox","Chamber, KAY/O, Sage, Sova, Viper",1
"Crazy Raccoon","Split","Jett, Killjoy, Omen, Sage, Skye",1
"Crest Gaming ZST","Ascent","Jett, Killjoy, Omen, Skye, Sova",1
"Crest Gaming ZST","Bind","Astra, Chamber, Raze, Sage, Skye",1
"Crest Gaming ZST","Breeze","Chamber, Jett, Skye, Sova, Viper",1
"Crest Gaming ZST","Breeze","Cypher, Jett, KAY/O, Sova, Viper",1
"Crest Gaming ZST","Fracture","Astra, Breach, Chamber, Fade, Neon",1
"Crest Gaming ZST","Haven","Breach, Brimstone, Jett, Killjoy, Skye",1
"Crest Gaming ZST","Icebox","Chamber, Jett, Reyna, Sova, Viper",1
"Crest Gaming ZST","Icebox","Chamber, Jett, Sage, Sova, Viper",1
"DAMWON Gaming","Ascent","Breach, Chamber, KAY/O, Omen, Sova",1
"DAMWON Gaming","Ascent","Fade, Jett, KAY/O, Omen, Sova",1
"DAMWON Gaming","Bind","Astra, Chamber, Raze, Skye, Viper",1
"DAMWON Gaming","Bind","Astra, Jett, Sage, Skye, Viper",1
"DAMWON Gaming","Bind","Breach, Brimstone, Chamber, Jett, Skye",1
"DAMWON Gaming","Bind","Breach, Brimstone, Raze, Sage, Skye",1
"DAMWON Gaming","Bind","Brimstone, Raze, Sage, Skye, Viper",1
"DAMWON Gaming","Breeze","Astra, Chamber, KAY/O, Sova, Viper",1
"DAMWON Gaming","Fracture","Astra, Breach, Chamber, Cypher, Neon",1
"DAMWON Gaming","Fracture","Astra, Breach, Cypher, Jett, Viper",1
"DAMWON Gaming","Haven","Breach, Chamber, Neon, Omen, Sova",1
"DAMWON Gaming","Icebox","Chamber, Jett, Reyna, Sova, Viper",1
"DAMWON Gaming","Icebox","Chamber, Jett, Sage, Sova, Viper",1
"DAMWON Gaming","Split","Astra, Jett, Reyna, Sage, Viper",1
"Desperado","Ascent","Astra, Jett, Raze, Reyna, Sova",1
"Desperado","Ascent","Astra, Jett, Reyna, Sage, Sova",1
"Desperado","Bind","Astra, Breach, Jett, Raze, Sova",1
"Desperado","Bind","Astra, Jett, KAY/O, Neon, Skye",1
"Desperado","Bind","Astra, Jett, KAY/O, Neon, Sova",1
"Desperado","Bind","Astra, Jett, Neon, Raze, Skye",1
"Desperado","Bind","Astra, Jett, Neon, Reyna, Sova",1
"Desperado","Bind","Astra, Raze, Skye, Sova, Viper",1
"Desperado","Breeze","Chamber, Jett, Reyna, Sova, Viper",1
"Desperado","Breeze","Jett, Neon, Reyna, Sova, Viper",1
"Desperado","Haven","Astra, Breach, Jett, Killjoy, Skye",1
"Desperado","Haven","Astra, Cypher, Jett, Raze, Reyna",1
"Desperado","Haven","Astra, Jett, Killjoy, Raze, Skye",1
"Desperado","Split","Astra, Jett, KAY/O, Reyna, Skye",1
"DetonatioN Gaming White","Ascent","Astra, Jett, KAY/O, Killjoy, Sova",1
"DetonatioN Gaming White","Breeze","Jett, Reyna, Skye, Sova, Viper",1
"DetonatioN Gaming White","Fracture","Astra, Breach, Cypher, Raze, Sage",1
"DetonatioN Gaming White","Haven","Astra, Breach, Jett, Killjoy, Skye",1
"DeToNator","Ascent","Astra, Jett, KAY/O, Killjoy, Sova",1
"DeToNator","Breeze","Cypher, Jett, Skye, Sova, Viper",1
"DeToNator","Haven","Astra, Breach, Jett, Killjoy, Skye",1
"DRX","Ascent","Astra, Fade, Jett, KAY/O, Killjoy",1
"DRX","Bind","Astra, Chamber, Raze, Skye, Viper",1
"DRX","Bind","Astra, Fade, Raze, Skye, Viper",1
"DRX","Bind","Astra, Raze, Sage, Skye, Viper",1
"DRX","Bind","Astra, Raze, Skye, Sova, Viper",1
"DRX","Bind","Brimstone, Raze, Skye, Sova, Viper",1
"DRX","Breeze","Cypher, Jett, Skye, Sova, Viper",1
"DRX","Fracture","Breach, Brimstone, Chamber, Neon, Sage",1
"DRX","Fracture","Breach, Brimstone, Chamber, Raze, Viper",1
"DRX","Icebox","Chamber, Fade, KAY/O, Sage, Viper",1
"DRX","Icebox","Chamber, Jett, Sage, Sova, Viper",1
"DRX","Icebox","Jett, Killjoy, Sage, Sova, Viper",1
"DRX","Split","Astra, KAY/O, Raze, Sage, Viper",1
"DRX","Split","KAY/O, Omen, Raze, Sage, Viper",1
"EBRO Gaming","Bind","Astra, Jett, Skye, Sova, Viper",1
"EBRO Gaming","Fracture","Astra, Breach, Raze, Skye, Viper",1
"EDward Gaming","Bind","Astra, Breach, Fade, Jett, Raze",1
"EDward Gaming","Breeze","Chamber, Jett, Skye, Sova, Viper",1
"EDward Gaming","Haven","Breach, Chamber, Fade, Jett, Omen",1
"EDward Gaming","Icebox","Chamber, Jett, Sage, Sova, Viper",1
"EDward Gaming","Pearl","Astra, Chamber, Fade, KAY/O, Viper",1
"EVA:e","Breeze","Astra, Chamber, Skye, Sova, Viper",1
"Evil Geniuses","Ascent","Astra, Fade, KAY/O, Killjoy, Phoenix",1
"Evil Geniuses","Ascent","Astra, Jett, KAY/O, Killjoy, Sova",1
"Evil Geniuses","Ascent","Chamber, Fade, Jett, Omen, Sova",1
"Evil Geniuses","Ascent","Chamber, Fade, KAY/O, Omen, Sova",1
"Evil Geniuses","Ascent","Chamber, KAY/O, Omen, Raze, Sova",1
"Evil Geniuses","Bind","Breach, Brimstone, Chamber, Fade, Raze",1
"Evil Geniuses","Breeze","Chamber, KAY/O, Neon, Sova, Viper",1
"Evil Geniuses","Fracture","Breach, Brimstone, Chamber, Raze, Sage",1
"Evil Geniuses","Haven","Astra, Breach, Chamber, Fade, Raze",1
"Evil Geniuses","Haven","Breach, Brimstone, Chamber, Jett, Sova",1
"Evil Geniuses","Split","Astra, Chamber, Raze, Skye, Viper",1
"E-Xolos LAZER","Ascent","Chamber, Jett, KAY/O, Omen, Sova",1
"E-Xolos LAZER","Fracture","Breach, Brimstone, Cypher, Jett, Raze",1
"E-Xolos LAZER","Haven","Chamber, Fade, KAY/O, Omen, Raze",1
"E-Xolos LAZER","Split","Jett, Omen, Raze, Skye, Viper",1
"Fancy United Esports","Ascent","Astra, Breach, Chamber, KAY/O, Omen",1
"Fancy United Esports","Bind","Astra, Chamber, Omen, Skye, Viper",1
"Fancy United Esports","Breeze","Cypher, Jett, KAY/O, Sova, Viper",1
"Fancy United Esports","Icebox","Chamber, Fade, KAY/O, Omen, Viper",1
"Fancy United Esports","Split","Astra, Breach, Chamber, Omen, Raze",1
"Fancy United Esports","Split","Astra, Breach, Neon, Raze, Viper",1
"FAV gaming","Ascent","Astra, Jett, KAY/O, Killjoy, Sova",1
"FAV gaming","Ascent","Astra, Jett, Killjoy, Reyna, Sova",1
"FAV gaming","Ascent","Jett, KAY/O, Killjoy, Omen, Sova",1
"FAV gaming","Bind","Astra, Breach, Jett, Raze, Skye",1
"FAV gaming","Breeze","Chamber, Jett, KAY/O, Sova, Viper",1
"FAV gaming","Breeze","Cypher, Jett, Skye, Sova, Viper",1
"FAV gaming","Haven","Astra, Cypher, Jett, Reyna, Sova",1
"FAV gaming","Split","Cypher, Jett, Omen, Raze, Sage",1
"FaZe Clan","Ascent","Astra, Chamber, Jett, Skye, Sova",1
"FaZe Clan","Ascent","Chamber, KAY/O, Omen, Phoenix, Sova",1
"FaZe Clan","Fracture","Breach, Brimstone, Chamber, Fade, Raze",1
"FENNEL","Breeze","Cypher, Jett, Skye, Sova, Viper",1
"FENNEL","Haven","Astra, Breach, Jett, Killjoy, Sova",1
"FENNEL","Icebox","Jett, Killjoy, Skye, Sova, Viper",1
"FNATIC","Ascent","Jett, KAY/O, Killjoy, Omen, Sova",1
"FNATIC","Bind","Astra, Raze, Skye, Sova, Viper",1
"FNATIC","Bind","Brimstone, Raze, Skye, Sova, Viper",1
"FNATIC","Breeze","Breach, Chamber, Neon, Sova, Viper",1
"FNATIC","Breeze","Chamber, Jett, Skye, Sova, Viper",1
"FNATIC","Haven","Astra, Breach, Chamber, Fade, Raze",1
"FNATIC","Haven","Breach, Jett, Killjoy, Omen, Sova",1
"FNATIC","Icebox","Chamber, KAY/O, Sage, Sova, Viper",1
"FNATIC","Split","Omen, Raze, Sage, Skye, Viper",1
"Focus e-Sports","Bind","Astra, Chamber, Jett, Skye, Viper",1
"Focus e-Sports","Icebox","Jett, Reyna, Sage, Sova, Viper",1
"FOKUS","Fracture","Astra, Breach, Cypher, Neon, Raze",1
"FOKUS","Icebox","Chamber, Jett, KAY/O, Sova, Viper",1
"FOKUS","Icebox","Jett, KAY/O, Killjoy, Sova, Viper",1
"FOKUS","Split","Cypher, Omen, Raze, Reyna, Sage",1
"FULL SENSE","Haven","Astra, Breach, Chamber, Jett, Sova",1
"FULL SENSE","Split","Astra, Cypher, Jett, Raze, Skye",1
"FunPlus Phoenix","Ascent","Cypher, Fade, Jett, KAY/O, Omen",1
"FunPlus Phoenix","Ascent","Cypher, Jett, Omen, Sage, Sova",1
"FunPlus Phoenix","Bind","Astra, Breach, Jett, Raze, Skye",1
"FunPlus Phoenix","Bind","Astra, Raze, Skye, Sova, Viper",1
"FunPlus Phoenix","Bind","Brimstone, Cypher, Fade, KAY/O, Raze",1
"FunPlus Phoenix","Bind","Brimstone, KAY/O, Raze, Sage, Viper",1
"FunPlus Phoenix","Bind","Cypher, Fade, KAY/O, Omen, Raze",1
"FunPlus Phoenix","Breeze","Chamber, Fade, Jett, KAY/O, Viper",1
"FunPlus Phoenix","Breeze","Chamber, Fade, KAY/O, Viper, Yoru",1
"FunPlus Phoenix","Breeze","Jett, KAY/O, Omen, Sova, Viper",1
"FunPlus Phoenix","Fracture","Astra, Breach, Cypher, Jett, Raze",1
"FunPlus Phoenix","Fracture","Astra, Breach, Cypher, Raze, Viper",1
"FunPlus Phoenix","Fracture","Astra, Breach, Cypher, Raze, Yoru",1
"FunPlus Phoenix","Haven","Breach, Chamber, Fade, Omen, Raze",1
"FunPlus Phoenix","Haven","Chamber, Omen, Raze, Sage, Sova",1
"FunPlus Phoenix","Haven","Chamber, Omen, Raze, Sova, Viper",1
"FunPlus Phoenix","Haven","Jett, KAY/O, Killjoy, Omen, Sova",1
"FunPlus Phoenix","Icebox","Jett, KAY/O, Sage, Sova, Viper",1
"FunPlus Phoenix","Icebox","Jett, Reyna, Sage, Sova, Viper",1
"FunPlus Phoenix","Pearl","Astra, Chamber, KAY/O, Sage, Skye",1
"FunPlus Phoenix","Pearl","Cypher, Fade, Omen, Raze, Viper",1
"FunPlus Phoenix","Split","Astra, Cypher, KAY/O, Raze, Viper",1
"FunPlus Phoenix","Split","Astra, Cypher, Raze, Sova, Viper",1
"FunPlus Phoenix","Split","Breach, Cypher, Fade, Omen, Raze",1
"FunPlus Phoenix","Split","Breach, Cypher, Omen, Raze, Sage",1
"FunPlus Phoenix","Split","Cypher, KAY/O, Omen, Raze, Sage",1
"FunPlus Phoenix","Split","KAY/O, Killjoy, Omen, Raze, Viper",1
"FURIA","Ascent","Chamber, Fade, Jett, KAY/O, Omen",1
"FURIA","Bind","Brimstone, Chamber, Fade, Raze, Skye",1
"FURIA","Breeze","Chamber, Jett, Skye, Sova, Viper",1
"FURIA","Breeze","Cypher, Jett, KAY/O, Sova, Viper",1
"FURIA","Breeze","Cypher, Jett, Skye, Sova, Viper",1
"FURIA","Haven","Breach, Chamber, Fade, Omen, Raze",1
"FURIA","Haven","Chamber, Fade, Omen, Sage, Skye",1
"FURIA","Icebox","Chamber, KAY/O, Sage, Sova, Viper",1
"FURIA","Icebox","Chamber, Omen, Reyna, Sage, Sova",1
"FURIA","Icebox","Chamber, Reyna, Sage, Sova, Viper",1
"FURIA","Split","Chamber, Fade, Omen, Raze, Sage",1
"FURIA","Split","Chamber, Jett, Omen, Raze, Sage",1
"FURIA","Split","Chamber, Omen, Raze, Sage, Skye",1
"FUSION","Ascent","Chamber, Fade, Jett, KAY/O, Omen",1
"FUSION","Bind","Brimstone, Chamber, Raze, Skye, Viper",1
"FUSION","Breeze","Chamber, Jett, Skye, Sova, Viper",1
"FUSION","Fracture","Breach, Brimstone, Chamber, Jett, Viper",1
"FUSION","Fracture","Breach, Brimstone, Chamber, Raze, Sage",1
"FUSION","Haven","Breach, Brimstone, Chamber, Jett, KAY/O",1
"FUSION","Split","Astra, Chamber, Raze, Skye, Viper",1
"FW Esports","Bind","Breach, Brimstone, Chamber, Fade, Neon",1
"FW Esports","Breeze","Chamber, Jett, Skye, Sova, Viper",1
"FW Esports","Icebox","Chamber, Jett, Sage, Sova, Viper",1
"G2 Esports (Inactive)","Ascent","Astra, Chamber, Fade, KAY/O, Raze",1
"G2 Esports (Inactive)","Ascent","Chamber, KAY/O, Omen, Raze, Sova",1
"G2 Esports (Inactive)","Ascent","Cypher, Jett, Omen, Sage, Sova",1
"G2 Esports (Inactive)","Ascent","Fade, Jett, KAY/O, Killjoy, Omen",1
"G2 Esports (Inactive)","Bind","Astra, Raze, Sage, Skye, Viper",1
"G2 Esports (Inactive)","Breeze","Chamber, Jett, Skye, Sova, Viper",1
"G2 Esports (Inactive)","Fracture","Breach, Brimstone, Chamber, KAY/O, Raze",1
"G2 Esports (Inactive)","Haven","Astra, Breach, Cypher, Jett, Sova",1
"G2 Esports (Inactive)","Haven","Breach, Chamber, Omen, Raze, Skye",1
"Gaimin Gladiators","Ascent","Chamber, Jett, KAY/O, Omen, Sova",1
"Gaimin Gladiators","Breeze","Cypher, Jett, KAY/O, Sova, Viper",1
"Gambit Esports","Bind","Brimstone, Raze, Sage, Skye, Viper",1
"Gambit Esports","Breeze","Chamber, Jett, Skye, Sova, Viper",1
"Gambit Esports","Fracture","Breach, Brimstone, Cypher, Raze, Sage",1
"Gamelanders Blue","Ascent","Astra, Chamber, Fade, KAY/O, Sova",1
"Gamelanders Blue","Haven","Astra, Chamber, Jett, KAY/O, Sova",1
"Gamelanders Blue","Haven","Astra, Cypher, Jett, KAY/O, Sova",1
"Gamelanders Blue","Haven","Breach, Cypher, Neon, Omen, Sova",1
"Gamelanders Blue","Haven","Chamber, Jett, KAY/O, Omen, Sova",1
"Gamelanders Blue","Icebox","Jett, KAY/O, Sage, Sova, Viper",1
"Gamelanders Blue","Icebox","Jett, Reyna, Sage, Sova, Viper",1
"Gamelanders Blue","Split","Astra, Chamber, Raze, Skye, Viper",1
"Gamelanders Blue","Split","Chamber, Fade, Omen, Raze, Viper",1
"Ghost Gaming","Ascent","Astra, Chamber, Fade, KAY/O, Raze",1
"Ghost Gaming","Haven","Breach, Chamber, Jett, KAY/O, Omen",1
"Global Esports","Ascent","Astra, Breach, Chamber, KAY/O, Sova",1
"Global Esports","Bind","Breach, Brimstone, Chamber, Raze, Sova",1
"Global Esports","Fracture","Breach, Brimstone, Chamber, Raze, Sage",1
"Global Esports","Haven","Astra, Breach, Chamber, Raze, Sova",1
"Global Esports","Split","Breach, Chamber, Fade, Omen, Raze",1
"GoNGo Prince","Bind","Astra, Chamber, Jett, Skye, Sova",1
"GoNGo Prince","Breeze","Chamber, Jett, Reyna, Sova, Viper",1
"GoNGo Prince","Breeze","Cypher, Jett, KAY/O, Sova, Viper",1
"GoNGo Prince","Fracture","Astra, Breach, Jett, Raze, Viper",1
"GoNGo Prince","Haven","Astra, Breach, Jett, Killjoy, Skye",1
"GoNGo Prince","Haven","Astra, Breach, Jett, Killjoy, Sova",1
"GoNGo Prince","Split","Astra, Jett, Sage, Skye, Viper",1
"Griffin E-Sports","Bind","Breach, Brimstone, Fade, Raze, Yoru",1
"Griffin E-Sports","Fracture","Breach, Brimstone, Chamber, KAY/O, Neon",1
"Griffin E-Sports","Haven","Fade, Jett, KAY/O, Killjoy, Omen",1
"Griffin E-Sports","Split","Astra, Breach, Cypher, Jett, Sage",1
"Griffin E-Sports","Split","Astra, Chamber, Raze, Skye, Viper",1
"Guild Esports","Ascent","Astra, Cypher, Jett, KAY/O, Sova",1
"Guild Esports","Bind","Brimstone, Chamber, Fade, Raze, Skye",1
"Guild Esports","Bind","Brimstone, KAY/O, Raze, Skye, Viper",1
"Guild Esports","Bind","Brimstone, Raze, Sage, Skye, Sova",1
"Guild Esports","Breeze","Chamber, Jett, KAY/O, Sova, Viper",1
"Guild Esports","Fracture","Astra, Breach, Chamber, Raze, Viper",1
"Guild Esports","Fracture","Astra, Breach, Cypher, Jett, Raze",1
"Guild Esports","Fracture","Breach, Brimstone, Chamber, KAY/O, Neon",1
"Guild Esports","Fracture","Breach, Brimstone, Chamber, KAY/O, Raze",1
"Guild Esports","Fracture","Breach, Brimstone, Cypher, Jett, Raze",1
"Guild Esports","Haven","Astra, Breach, Jett, Killjoy, Sova",1
"Guild Esports","Haven","Breach, Chamber, Jett, Omen, Sova",1
"Guild Esports","Haven","Breach, Chamber, Omen, Raze, Sova",1
"Guild Esports","Icebox","Chamber, Jett, Sage, Sova, Viper",1
"Guild Esports","Icebox","Jett, Reyna, Sage, Sova, Viper",1
"Guild Esports","Icebox","Killjoy, Raze, Sage, Sova, Viper",1
"Guild Esports","Split","Astra, Cypher, Jett, Skye, Viper",1
"Guild Esports","Split","Astra, Cypher, Raze, Skye, Viper",1
"Guild Esports","Split","Astra, KAY/O, Raze, Sage, Viper",1
"Guild Esports","Split","Chamber, Fade, Omen, Raze, Viper",1
"GyoGun","Fracture","Astra, Breach, Jett, Reyna, Viper",1
"GyoGun","Icebox","Jett, Reyna, Sage, Sova, Viper",1
"Hexad","Breeze","Chamber, Jett, Reyna, Sova, Viper",1
"Hexad","Haven","Astra, Breach, Chamber, Jett, Skye",1
"Hexad","Icebox","Chamber, Jett, Sage, Sova, Viper",1
"Hexad","Icebox","Jett, Reyna, Sage, Sova, Viper",1
"HolyMolly","Ascent","Brimstone, KAY/O, Killjoy, Sova, Viper",1
"HolyMolly","Ascent","Jett, KAY/O, Killjoy, Omen, Sova",1
"HolyMolly","Ascent","KAY/O, Killjoy, Omen, Sage, Yoru",1
"HolyMolly","Bind","Astra, Breach, Jett, Reyna, Sova",1
"HolyMolly","Bind","Astra, Raze, Sage, Skye, Viper",1
"HolyMolly","Bind","Brimstone, Jett, Skye, Sova, Viper",1
"IGZIST","Ascent","Astra, Jett, Killjoy, Skye, Sova",1
"IGZIST","Bind","Astra, Jett, Raze, Skye, Viper",1
"IGZIST","Haven","Astra, Breach, Jett, Killjoy, Skye",1
"IGZIST","Haven","Breach, Chamber, Jett, Omen, Sova",1
"IGZIST","Icebox","Chamber, Jett, Sage, Sova, Viper",1
"IGZIST","Split","Breach, Jett, Killjoy, Omen, Sage",1
"INGAMING Esports","Haven","Astra, Breach, Jett, Killjoy, Sova",1
"INGAMING Esports","Icebox","Chamber, Jett, Sage, Sova, Viper",1
"Insomnia","Bind","Astra, Jett, Raze, Skye, Sova",1
"Insomnia","Fracture","Breach, Brimstone, Chamber, Jett, KAY/O",1
"Insomnia","Icebox","Chamber, Reyna, Sage, Sova, Viper",1
"IXA","Breeze","Chamber, Jett, Skye, Sova, Viper",1
"IXA","Icebox","Jett, Killjoy, Reyna, Sova, Viper",1
"IXA","Split","Astra, Chamber, Raze, Reyna, Sage",1
"Jadeite","Ascent","Astra, Jett, Killjoy, Skye, Sova",1
"Jadeite","Ascent","Chamber, Fade, KAY/O, Omen, Sage",1
"Jadeite","Bind","Breach, Brimstone, Fade, Raze, Yoru",1
"Jadeite","Bind","Brimstone, Raze, Sage, Skye, Viper",1
"Jadeite","Haven","Astra, Breach, Jett, Killjoy, Skye",1
"Jadeite","Split","Breach, Cypher, Omen, Raze, Sage",1
"K2 eSports","Ascent","Astra, Jett, KAY/O, Killjoy, Sova",1
"K2 eSports","Icebox","Jett, Raze, Sage, Sova, Viper",1
"Keyd Stars","Ascent","Chamber, Fade, KAY/O, Omen, Raze",1
"Keyd Stars","Ascent","Chamber, KAY/O, Omen, Raze, Sova",1
"Keyd Stars","Bind","Astra, Chamber, Raze, Skye, Viper",1
"Keyd Stars","Bind","Chamber, Omen, Raze, Skye, Viper",1
"Keyd Stars","Fracture","Astra, Jett, KAY/O, Killjoy, Viper",1
"Keyd Stars","Icebox","Chamber, Jett, Sage, Sova, Viper",1
"Keyd Stars","Icebox","Chamber, Killjoy, Sage, Sova, Viper",1
"Keyd Stars","Icebox","Jett, Reyna, Sage, Sova, Viper",1
"Keyd Stars","Split","Astra, Chamber, Jett, Raze, Viper",1
"Keyd Stars","Split","Chamber, Jett, Omen, Raze, Sage",1
"Knights","Ascent","Jett, Killjoy, Omen, Sage, Sova",1
"Knights","Bind","Astra, Raze, Skye, Sova, Viper",1
"Knights","Bind","Brimstone, Jett, Raze, Sova, Viper",1
"Knights","Haven","Jett, Killjoy, Omen, Skye, Sova",1
"Knights","Icebox","Jett, Killjoy, Sage, Sova, Viper",1
"Knights","Split","Astra, Breach, Chamber, KAY/O, Neon",1
"KRÜ Esports","Ascent","Jett, Killjoy, Omen, Reyna, Sova",1
"KRÜ Esports","Fracture","Breach, Brimstone, Chamber, KAY/O, Neon",1
"KRÜ Esports","Fracture","Breach, Brimstone, Cypher, Jett, Raze",1
"KRÜ Esports","Haven","Astra, Breach, Chamber, Fade, Raze",1
"KRÜ Esports","Haven","Chamber, Fade, KAY/O, Omen, Sage",1
"LDN UTD","Ascent","Astra, Breach, Chamber, Jett, Sova",1
"LDN UTD","Breeze","Astra, Chamber, Jett, Skye, Viper",1
"LDN UTD","Breeze","Chamber, Jett, Skye, Sova, Viper",1
"LDN UTD","Fracture","Breach, Cypher, Jett, Raze, Viper",1
"Leviatán","Bind","Brimstone, Fade, Raze, Skye, Viper",1
"Leviatán","Bind","Brimstone, Raze, Sage, Skye, Viper",1
"Leviatán","Haven","Chamber, KAY/O, Neon, Omen, Skye",1
"Leviatán","Icebox","Jett, Killjoy, Sage, Sova, Viper",1
"Leviatán","Split","Astra, Jett, Raze, Skye, Viper",1
"Liberty","Ascent","Astra, Breach, Omen, Raze, Sova",1
"Liberty","Bind","Astra, Breach, Raze, Skye, Sova",1
"Liberty","Bind","Breach, Brimstone, Chamber, Fade, Neon",1
"Liberty","Bind","Breach, Brimstone, Fade, Raze, Skye",1
"Liberty","Bind","Breach, Omen, Raze, Skye, Sova",1
"Liberty","Breeze","Chamber, Jett, KAY/O, Sova, Viper",1
"Liberty","Fracture","Astra, Breach, Cypher, Raze, Viper",1
"Liberty","Fracture","Breach, Brimstone, Chamber, KAY/O, Neon",1
"Liberty","Fracture","Breach, Brimstone, Cypher, Raze, Viper",1
"Liberty","Haven","Astra, Cypher, Jett, KAY/O, Sova",1
"Liberty","Icebox","Chamber, Raze, Sage, Sova, Viper",1
"Liberty","Icebox","Jett, Reyna, Sage, Sova, Viper",1
"Liberty","Split","Astra, Chamber, Raze, Skye, Viper",1
"Liberty","Split","Breach, Chamber, Omen, Raze, Sage",1
"looking for a name","Bind","Astra, Breach, Jett, Skye, Sova",1
"looking for a name","Split","Astra, Raze, Reyna, Skye, Viper",1
"Los Grandes","Ascent","Astra, Fade, Jett, KAY/O, Killjoy",1
"Los Grandes","Ascent","Breach, Chamber, Fade, Omen, Yoru",1
"Los Grandes","Bind","Breach, Brimstone, Raze, Skye, Sova",1
"Los Grandes","Breeze","Chamber, Cypher, KAY/O, Sova, Viper",1
"Los Grandes","Breeze","Chamber, Fade, KAY/O, Sova, Viper",1
"Los Grandes","Breeze","Chamber, KAY/O, Raze, Sova, Viper",1
"Los Grandes","Fracture","Breach, Brimstone, Chamber, KAY/O, Raze",1
"Los Grandes","Split","Astra, Breach, Chamber, KAY/O, Raze",1
"LOUD","Bind","Astra, Fade, Raze, Skye, Viper",1
"LOUD","Bind","Brimstone, KAY/O, Raze, Sage, Sova",1
"LOUD","Fracture","Astra, Breach, Cypher, Raze, Viper",1
"LOUD","Fracture","Breach, Brimstone, Chamber, Cypher, Raze",1
"LOUD","Fracture","Breach, Brimstone, Chamber, Raze, Viper",1
"LOUD","Haven","Breach, Cypher, Jett, Omen, Sova",1
"LOUD","Haven","Breach, Jett, Killjoy, Omen, Sova",1
"LOUD","Icebox","Chamber, KAY/O, Sage, Sova, Viper",1
"LOUD","Icebox","Jett, KAY/O, Sage, Sova, Viper",1
"LOUD","Pearl","Astra, Chamber, Fade, KAY/O, Viper",1
"LOUD","Split","Astra, Breach, Chamber, KAY/O, Neon",1
"LOUD","Split","Astra, Chamber, Raze, Skye, Viper",1
"Luminosity Gaming","Ascent","Jett, Killjoy, Omen, Skye, Sova",1
"Luminosity Gaming","Fracture","Astra, Breach, Chamber, Raze, Viper",1
"Luminosity Gaming","Haven","Astra, Jett, Killjoy, Skye, Sova",1
"Luminosity Gaming","Haven","Astra, Jett, Killjoy, Sova, Viper",1
"Luminosity Gaming","Icebox","Chamber, Jett, KAY/O, Omen, Sova",1
"Luminosity Gaming","Icebox","Chamber, Jett, Sage, Sova, Viper",1
"Luminosity Gaming","Icebox","Chamber, Raze, Sage, Sova, Viper",1
"Luminosity Gaming","Icebox","Jett, Reyna, Sage, Sova, Viper",1
"Luminosity Gaming","Split","Cypher, Omen, Raze, Sage, Skye",1
"M3 Champions","Ascent","Astra, Chamber, Jett, KAY/O, Sova",1
"M3 Champions","Ascent","Chamber, Fade, KAY/O, Omen, Raze",1
"M3 Champions","Bind","Cypher, Omen, Raze, Skye, Sova",1
"M3 Champions","Bind","Omen, Raze, Sage, Skye, Viper",1
"M3 Champions","Breeze","Chamber, KAY/O, Omen, Sova, Viper",1
"M3 Champions","Fracture","Astra, Chamber, Fade, KAY/O, Neon",1
"M3 Champions","Split","Chamber, KAY/O, Omen, Skye, Viper",1
"Made in Thailand","Ascent","Astra, Chamber, Fade, KAY/O, Killjoy",1
"Made in Thailand","Ascent","Fade, Jett, KAY/O, Killjoy, Omen",1
"Made in Thailand","Breeze","Chamber, Jett, Skye, Sova, Viper",1
"Made in Thailand","Breeze","Cypher, Jett, KAY/O, Sova, Viper",1
"Made in Thailand","Fracture","Breach, Brimstone, Chamber, KAY/O, Raze",1
"Made in Thailand","Split","Astra, KAY/O, Raze, Sage, Viper",1
"Mariner","Breeze","Chamber, KAY/O, Reyna, Sova, Viper",1
"Mariner","Haven","Astra, Breach, Jett, Killjoy, Sova",1
"Maru Gaming","Breeze","Chamber, Jett, Skye, Sova, Viper",1
"Maru Gaming","Haven","Breach, Jett, Omen, Sage, Skye",1
"Maru Gaming","Split","Breach, Fade, Omen, Raze, Sage",1
"Meta Gaming","Ascent","Astra, Jett, KAY/O, Killjoy, Sova",1
"Meta Gaming","Bind","Astra, Raze, Sage, Skye, Viper",1
"Meta Gaming","Breeze","Chamber, Jett, Reyna, Sova, Viper",1
"Meta Gaming","Haven","Astra, Breach, Jett, Killjoy, Skye",1
"Meta Gaming","Split","Astra, Cypher, Jett, Raze, Skye",1
"MIBR","Ascent","Chamber, Fade, KAY/O, Omen, Sage",1
"MIBR","Breeze","Chamber, Jett, KAY/O, Sova, Viper",1
"MIBR","Haven","Breach, Chamber, Fade, Omen, Raze",1
"MIBR","Haven","Breach, Jett, Killjoy, Omen, Sova",1
"MIBR","Haven","Chamber, Fade, Neon, Omen, Skye",1
"Movistar Optix","Ascent","Astra, Jett, Killjoy, Sage, Sova",1
"Movistar Optix","Bind","Breach, Brimstone, Chamber, Fade, Raze",1
"Movistar Optix","Bind","Brimstone, Raze, Sage, Skye, Viper",1
"Movistar Optix","Fracture","Astra, Breach, Cypher, Raze, Viper",1
"Movistar Optix","Fracture","Breach, Brimstone, Cypher, KAY/O, Neon",1
"Movistar Optix","Haven","Astra, Breach, Chamber, Fade, Raze",1
"Movistar Optix","Haven","Astra, Cypher, Neon, Reyna, Sova",1
"Movistar Optix","Haven","Breach, Chamber, Neon, Omen, Sova",1
"Movistar Optix","Split","Astra, Cypher, Raze, Skye, Viper",1
"NAOS Esports","Ascent","Chamber, Jett, KAY/O, Omen, Sova",1
"NAOS Esports","Bind","Brimstone, Raze, Sage, Skye, Viper",1
"NAOS Esports","Breeze","Chamber, Jett, Reyna, Sova, Viper",1
"NAOS Esports","Haven","Astra, Jett, KAY/O, Killjoy, Sova",1
"NAOS Esports","Icebox","Chamber, Jett, Sage, Sova, Viper",1
"NAOS Esports","Split","Chamber, Neon, Omen, Raze, Sage",1
"Natus Vincere","Bind","Chamber, Fade, Omen, Raze, Skye",1
"Natus Vincere","Bind","Chamber, Fade, Omen, Skye, Viper",1
"Natus Vincere","Fracture","Breach, Brimstone, Chamber, Neon, Raze",1
"Natus Vincere","Haven","Breach, Chamber, Fade, Neon, Omen",1
"Natus Vincere","Icebox","Chamber, Fade, KAY/O, Sage, Viper",1
"Natus Vincere","Icebox","Chamber, Killjoy, Sage, Sova, Viper",1
"Natus Vincere","Split","Astra, KAY/O, Killjoy, Raze, Viper",1
"Natus Vincere","Split","Breach, Cypher, Omen, Raze, Sage",1
"Next eSports","Bind","Astra, Breach, Jett, Raze, Skye",1
"Next eSports","Breeze","Chamber, Jett, KAY/O, Sova, Viper",1
"Next eSports","Haven","Astra, Breach, Jett, Killjoy, Skye",1
"Next eSports","Icebox","Chamber, Omen, Reyna, Sova, Viper",1
"Ninjas in Pyjamas","Ascent","Astra, Jett, Killjoy, Sage, Sova",1
"Ninjas in Pyjamas","Ascent","Fade, Jett, KAY/O, Killjoy, Omen",1
"Ninjas in Pyjamas","Ascent","Jett, KAY/O, Killjoy, Omen, Sova",1
"Ninjas in Pyjamas","Ascent","Jett, Killjoy, Omen, Sage, Sova",1
"Ninjas in Pyjamas","Bind","Astra, Jett, Skye, Sova, Viper",1
"Ninjas in Pyjamas","Bind","Breach, Brimstone, Chamber, Fade, Neon",1
"Ninjas in Pyjamas","Bind","Brimstone, Jett, Raze, Sage, Skye",1
"Ninjas in Pyjamas","Fracture","Astra, Cypher, Jett, KAY/O, Sage",1
"Ninjas in Pyjamas","Fracture","Brimstone, Chamber, Fade, KAY/O, Neon",1
"Ninjas in Pyjamas","Icebox","Chamber, Reyna, Sage, Sova, Viper",1
"No Namers","Icebox","Chamber, Jett, Sage, Sova, Viper",1
"NORTHEPTION","Ascent","Astra, Fade, Jett, KAY/O, Killjoy",1
"NORTHEPTION","Ascent","Fade, Jett, KAY/O, Killjoy, Omen",1
"NORTHEPTION","Bind","Brimstone, Chamber, Raze, Skye, Viper",1
"NORTHEPTION","Icebox","Chamber, Jett, KAY/O, Sova, Viper",1
"NORTHEPTION","Icebox","Chamber, Jett, Sage, Sova, Viper",1
"NRG Esports","Ascent","Astra, Chamber, Fade, KAY/O, Sova",1
"NRG Esports","Bind","Astra, Breach, Chamber, Fade, Neon",1
"NRG Esports","Bind","Astra, Fade, Raze, Sage, Skye",1
"NRG Esports","Bind","Astra, Jett, Skye, Sova, Viper",1
"NRG Esports","Bind","Brimstone, Chamber, Fade, Raze, Skye",1
"NRG Esports","Bind","Brimstone, Fade, Raze, Sage, Skye",1
"NRG Esports","Bind","Brimstone, Raze, Sage, Skye, Viper",1
"NRG Esports","Breeze","Breach, Chamber, KAY/O, Sova, Viper",1
"NRG Esports","Breeze","Chamber, Jett, KAY/O, Sova, Viper",1
"NRG Esports","Breeze","Chamber, Jett, Skye, Sova, Viper",1
"NRG Esports","Haven","Astra, Chamber, Jett, KAY/O, Sova",1
"NRG Esports","Haven","Breach, Chamber, Fade, Omen, Yoru",1
"NRG Esports","Haven","KAY/O, Killjoy, Omen, Sova, Yoru",1
"NRG Esports","Icebox","Chamber, Jett, Reyna, Sova, Viper",1
"Oasis Gaming","Ascent","Astra, KAY/O, Killjoy, Raze, Sova",1
"Oasis Gaming","Bind","Brimstone, Raze, Sage, Skye, Viper",1
"Oasis Gaming","Breeze","Chamber, Jett, KAY/O, Sova, Viper",1
"Oasis Gaming","Icebox","KAY/O, Killjoy, Raze, Sova, Viper",1
"OG LDN UTD","Ascent","Chamber, Fade, KAY/O, Omen, Sage",1
"OG LDN UTD","Ascent","Fade, Jett, KAY/O, Omen, Sage",1
"OG LDN UTD","Bind","Breach, Brimstone, Chamber, Fade, Neon",1
"OG LDN UTD","Breeze","Chamber, Cypher, KAY/O, Sova, Viper",1
"OG LDN UTD","Breeze","Chamber, KAY/O, Omen, Sova, Viper",1
"OG LDN UTD","Breeze","Cypher, Jett, Skye, Sova, Viper",1
"OG LDN UTD","Haven","Breach, Chamber, Fade, Omen, Raze",1
"OG LDN UTD","Haven","Breach, Jett, Killjoy, Omen, Sova",1
"OG LDN UTD","Icebox","Chamber, Fade, Sage, Sova, Viper",1
"OG LDN UTD","Split","Breach, Chamber, Omen, Raze, Sage",1
"Onic Esports","Ascent","Jett, KAY/O, Killjoy, Omen, Sova",1
"Onic Esports","Fracture","Breach, Brimstone, Chamber, Fade, Neon",1
"Onic Esports","Fracture","Brimstone, Chamber, Fade, KAY/O, Neon",1
"Onic Esports","Split","Breach, Cypher, Omen, Raze, Skye",1
"On Sla2ers","Ascent","Astra, Chamber, Fade, Omen, Skye",1
"On Sla2ers","Ascent","Astra, Cypher, Jett, KAY/O, Sova",1
"On Sla2ers","Bind","Astra, Jett, Raze, Skye, Viper",1
"On Sla2ers","Fracture","Breach, Brimstone, Chamber, KAY/O, Neon",1
"On Sla2ers","Fracture","Breach, Brimstone, Chamber, Raze, Sage",1
"On Sla2ers","Haven","Astra, Breach, Fade, Jett, Killjoy",1
"On Sla2ers","Icebox","Astra, Breach, Brimstone, Cypher, Killjoy",1
"On Sla2ers","Icebox","Chamber, Jett, Reyna, Sova, Viper",1
"On Sla2ers","Split","Breach, Brimstone, Neon, Phoenix, Reyna",1
"On Sla2ers","Split","Breach, Jett, Killjoy, Omen, Skye",1
"OpTic Gaming","Ascent","Astra, Jett, KAY/O, Killjoy, Sova",1
"OpTic Gaming","Ascent","Breach, Chamber, KAY/O, Neon, Omen",1
"OpTic Gaming","Bind","Astra, Breach, Chamber, Neon, Skye",1
"OpTic Gaming","Breeze","Breach, Chamber, Neon, Sova, Viper",1
"OpTic Gaming","Breeze","Chamber, Jett, Skye, Sova, Viper",1
"OpTic Gaming","Haven","Astra, Breach, Chamber, Fade, Raze",1
"OpTic Gaming","Haven","Astra, Breach, Chamber, Neon, Sova",1
"OpTic Gaming","Haven","Breach, Brimstone, Chamber, Neon, Skye",1
"OpTic Gaming","Icebox","Chamber, KAY/O, Neon, Sova, Viper",1
"OpTic Gaming","Split","Breach, Chamber, Omen, Raze, Viper",1
"ORDER","Ascent","Fade, Jett, KAY/O, Killjoy, Omen",1
"ORDER","Ascent","Fade, Jett, KAY/O, Omen, Raze",1
"ORDER","Bind","Brimstone, Chamber, Fade, Raze, Skye",1
"ORDER","Fracture","Breach, Brimstone, Chamber, KAY/O, Neon",1
"ORDER","Fracture","Breach, Brimstone, Chamber, Neon, Sage",1
"ORDER","Icebox","Chamber, Fade, Killjoy, Sage, Viper",1
"ORDER","Split","Astra, Breach, Cypher, Raze, Skye",1
"PAMPAS","Ascent","Fade, KAY/O, Killjoy, Omen, Raze",1
"PAMPAS","Ascent","Jett, KAY/O, Killjoy, Omen, Sova",1
"PAMPAS","Bind","Breach, Brimstone, Chamber, Fade, Raze",1
"PAMPAS","Breeze","Cypher, Jett, KAY/O, Sova, Viper",1
"PAMPAS","Split","Breach, Cypher, Omen, Raze, Sage",1
"Paper Rex","Ascent","Jett, KAY/O, Killjoy, Omen, Sova",1
"Paper Rex","Breeze","Astra, Breach, Fade, Neon, Yoru",1
"Paper Rex","Breeze","Chamber, Jett, KAY/O, Sova, Viper",1
"Paper Rex","Breeze","Chamber, Jett, Reyna, Sova, Viper",1
"Paper Rex","Breeze","Chamber, Jett, Skye, Sova, Viper",1
"Paper Rex","Haven","Cypher, Jett, Omen, Raze, Skye",1
"Paper Rex","Haven","Cypher, Jett, Omen, Sage, Skye",1
"Paper Rex","Icebox","Jett, Reyna, Sage, Sova, Viper",1
"Paper Rex","Split","Chamber, Cypher, Fade, Omen, Raze",1
"Pentagon","Bind","Astra, Cypher, Raze, Skye, Sova",1
"Pentagon","Haven","Astra, Breach, Chamber, Jett, Skye",1
"Pentagon","Split","Astra, Chamber, Jett, Skye, Viper",1
"Persija Esports","Ascent","Astra, Jett, KAY/O, Killjoy, Sova",1
"Persija Esports","Bind","Brimstone, Chamber, Jett, Raze, Sova",1
"Persija Esports","Haven","Astra, Jett, Killjoy, Raze, Sova",1
"Persija Esports","Haven","Breach, Cypher, Jett, Omen, Sova",1
"Persija Esports","Icebox","Chamber, Jett, Sage, Sova, Viper",1
"Rebellion Arts","Ascent","Astra, Jett, Killjoy, Skye, Sova",1
"Rebellion Arts","Icebox","Jett, Reyna, Sage, Sova, Viper",1
"Reignite","Bind","Astra, Jett, Skye, Sova, Viper",1
"Reignite","Bind","Breach, Brimstone, Jett, Raze, Sova",1
"Reignite","Breeze","Breach, Fade, Killjoy, Raze, Viper",1
"Reignite","Fracture","Breach, Cypher, Jett, Omen, Sage",1
"Reignite","Haven","Breach, Jett, Killjoy, Omen, Skye",1
"Reignite","Icebox","Jett, KAY/O, Sage, Sova, Viper",1
"Reignite","Icebox","Jett, Reyna, Sage, Sova, Viper",1
"Reignite","Split","Astra, Breach, Jett, Killjoy, Viper",1
"REJECT","Ascent","Astra, Jett, Killjoy, Sage, Sova",1
"REJECT","Ascent","Breach, Chamber, Fade, Omen, Yoru",1
"REJECT","Ascent","Chamber, Fade, Jett, Omen, Sage",1
"REJECT","Bind","Breach, Brimstone, Chamber, Fade, Neon",1
"REJECT","Breeze","Astra, Chamber, Reyna, Sova, Viper",1
"REJECT","Fracture","Breach, Brimstone, Chamber, Raze, Sage",1
"REJECT","Haven","Astra, Jett, Sage, Skye, Sova",1
"REJECT","Haven","Breach, Chamber, Fade, Raze, Raze",1
"REJECT","Icebox","Chamber, Killjoy, Sage, Sova, Viper",1
"REJECT","Split","Astra, Chamber, KAY/O, Raze, Sage",1
"Rex Regum Qeon","Ascent","Fade, Killjoy, Omen, Raze, Sova",1
"Rex Regum Qeon","Bind","Astra, Breach, Cypher, Fade, Raze",1
"Rex Regum Qeon","Breeze","Chamber, Jett, Skye, Sova, Viper",1
"Rex Regum Qeon","Icebox","Chamber, Jett, KAY/O, Sova, Viper",1
"Rise","Bind","Astra, Jett, Raze, Sova, Viper",1
"Rise","Breeze","Chamber, Jett, KAY/O, Sova, Viper",1
"Rise","Haven","Cypher, Jett, KAY/O, Omen, Sova",1
"SCARZ","Breeze","Chamber, Jett, Skye, Sova, Viper",1
"SchwarzerLand","Ascent","Astra, Jett, KAY/O, Killjoy, Sova",1
"SchwarzerLand","Icebox","Jett, Reyna, Sage, Sova, Viper",1
"Sengoku Gaming","Ascent","Astra, Cypher, Jett, Neon, Skye",1
"Sengoku Gaming","Bind","Brimstone, Chamber, Fade, Raze, Skye",1
"Sengoku Gaming","Breeze","Chamber, Jett, Skye, Sova, Viper",1
"Sengoku Gaming","Fracture","Astra, Breach, Chamber, Neon, Raze",1
"Sengoku Gaming","Haven","Jett, Killjoy, Omen, Reyna, Skye",1
"Sengoku Gaming","Icebox","Fade, Jett, KAY/O, Reyna, Viper",1
"Sentinels","Ascent","Astra, Chamber, Fade, KAY/O, Sova",1
"Sentinels","Ascent","Chamber, Jett, KAY/O, Omen, Sova",1
"Sentinels","Bind","Brimstone, Jett, Raze, Sova, Viper",1
"Sentinels","Breeze","Cypher, Jett, KAY/O, Sova, Viper",1
"Sentinels","Fracture","Astra, Breach, Chamber, Raze, Sage",1
"Sentinels","Fracture","Breach, Brimstone, Chamber, Neon, Sage",1
"Sentinels","Fracture","Breach, Brimstone, Chamber, Raze, Viper",1
"Sentinels","Fracture","Breach, Brimstone, Chamber, Sage, Yoru",1
"Sentinels","Haven","Astra, Cypher, Jett, Skye, Sova",1
"Sentinels","Haven","Breach, Chamber, Fade, KAY/O, Omen",1
"Sentinels","Icebox","Chamber, Jett, Omen, Sova, Viper",1
"Sentinels","Icebox","Chamber, KAY/O, Sage, Sova, Viper",1
"SETOUCHI ENLIFE","Breeze","Jett, Killjoy, Skye, Sova, Viper",1
"SETOUCHI ENLIFE","Icebox","Chamber, Jett, Raze, Sova, Viper",1
"Sharks Esports","Ascent","Astra, Cypher, Jett, KAY/O, Sova",1
"Sharks Esports","Breeze","Chamber, Jett, Skye, Sova, Viper",1
"Sharks Esports","Breeze","Cypher, Jett, KAY/O, Sova, Viper",1
"Sharks Esports","Haven","Astra, Jett, KAY/O, Killjoy, Sova",1
"Sharks Esports","Icebox","Jett, Killjoy, Sage, Sova, Viper",1
"Shopify Rebellion","Ascent","Chamber, Fade, KAY/O, Omen, Sage",1
"Shopify Rebellion","Breeze","Chamber, KAY/O, Sova, Viper, Yoru",1
"South Built Esports","Ascent","Astra, Jett, Killjoy, Skye, Sova",1
"South Built Esports","Icebox","Chamber, Jett, Sage, Sova, Viper",1
"South Built Esports","Split","Cypher, Jett, Omen, Raze, Sage",1
"Spear Gaming","Ascent","Chamber, Fade, KAY/O, Omen, Raze",1
"Spear Gaming","Ascent","Chamber, Fade, KAY/O, Omen, Sage",1
"Spear Gaming","Bind","Astra, Jett, Skye, Sova, Viper",1
"Spear Gaming","Bind","Brimstone, Chamber, Fade, KAY/O, Raze",1
"Spear Gaming","Bind","Brimstone, Chamber, Fade, Raze, Viper",1
"Spear Gaming","Bind","Brimstone, Cypher, Fade, KAY/O, Raze",1
"Spear Gaming","Breeze","Chamber, KAY/O, Sova, Viper, Yoru",1
"Spear Gaming","Fracture","Astra, Breach, Chamber, Raze, Sage",1
"Spear Gaming","Fracture","Breach, Brimstone, Chamber, KAY/O, Neon",1
"Spear Gaming","Fracture","Breach, Chamber, Neon, Raze, Viper",1
"Spear Gaming","Haven","Astra, Cypher, Jett, Skye, Sova",1
"Spear Gaming","Haven","Breach, Chamber, Jett, Omen, Sova",1
"Spear Gaming","Icebox","Chamber, Jett, Reyna, Sova, Viper",1
"Spear Gaming","Split","Omen, Raze, Sage, Skye, Viper",1
"Stars Horizon","Ascent","Chamber, Jett, KAY/O, Omen, Sova",1
"Stars Horizon","Bind","Breach, Brimstone, Chamber, Fade, Neon",1
"Stars Horizon","Breeze","Cypher, KAY/O, Neon, Sova, Viper",1
"Stars Horizon","Haven","Breach, Chamber, Fade, Neon, Omen",1
"Stars Horizon","Icebox","Chamber, Killjoy, Sage, Sova, Viper",1
"Storks Phalanx","Breeze","Cypher, Jett, Skye, Sova, Viper",1
"Storks Phalanx","Icebox","Chamber, Jett, Reyna, Sova, Viper",1
"SuperMassive","Bind","Astra, Raze, Skye, Sova, Viper",1
"SuperMassive","Breeze","Chamber, Jett, Skye, Sova, Viper",1
"SYSTEM e-Sports","Breeze","Chamber, Jett, Skye, Sova, Viper",1
"SYSTEM e-Sports","Haven","Astra, Breach, Jett, Killjoy, Skye",1
"Tartarus","Ascent","Jett, KAY/O, Killjoy, Omen, Sova",1
"Tartarus","Icebox","Chamber, Fade, Jett, KAY/O, Viper",1
"TBK Esports","Ascent","Astra, Breach, Chamber, Jett, Sova",1
"TBK Esports","Ascent","Astra, Chamber, Fade, KAY/O, Raze",1
"TBK Esports","Ascent","Brimstone, Jett, Killjoy, Skye, Sova",1
"TBK Esports","Bind","Brimstone, Raze, Reyna, Sage, Skye",1
"TBK Esports","Bind","Brimstone, Raze, Sage, Skye, Viper",1
"TBK Esports","Breeze","Chamber, Jett, Skye, Sova, Viper",1
"TBK Esports","Fracture","Breach, Brimstone, Chamber, Raze, Sage",1
"TBK Esports","Haven","Breach, Brimstone, Chamber, Jett, Sova",1
"TBK Esports","Haven","Breach, Chamber, Neon, Omen, Skye",1
"Team GP","Bind","Astra, Jett, Killjoy, Raze, Sova",1
"Team GP","Breeze","Chamber, Jett, KAY/O, Sova, Viper",1
"Team Liquid","Ascent","Astra, Jett, KAY/O, Killjoy, Sova",1
"Team Liquid","Bind","Astra, Chamber, KAY/O, Neon, Sova",1
"Team Liquid","Bind","Breach, Cypher, Sage, Sova, Viper",1
"Team Liquid","Breeze","Chamber, Jett, KAY/O, Sova, Viper",1
"Team Liquid","Breeze","Chamber, KAY/O, Skye, Sova, Viper",1
"Team Liquid","Fracture","Astra, Breach, Chamber, Raze, Sage",1
"Team Liquid","Icebox","Chamber, Reyna, Sage, Sova, Viper",1
"Team Liquid","Pearl","Astra, Chamber, Fade, Phoenix, Viper",1
"Team Secret","Ascent","Astra, Chamber, Jett, KAY/O, Sova",1
"Team Secret","Bind","Brimstone, Killjoy, Raze, Sova, Yoru",1
"Team Secret","Fracture","Breach, Brimstone, Chamber, KAY/O, Raze",1
"Team Secret","Icebox","Breach, Chamber, Fade, Omen, Yoru",1
"Team T5","Ascent","Astra, KAY/O, Killjoy, Reyna, Sova",1
"Team T5","Ascent","Jett, KAY/O, Killjoy, Omen, Sova",1
"Team T5","Icebox","Jett, Reyna, Sage, Sova, Viper",1
"Team T5","Split","Astra, Jett, KAY/O, Raze, Sage",1
"Team Vikings","Ascent","Breach, Jett, Killjoy, Omen, Sova",1
"Team Vikings","Bind","Astra, Raze, Sage, Skye, Viper",1
"Team Vikings","Icebox","Chamber, Reyna, Sage, Sova, Viper",1
"Team Vikings","Icebox","Jett, Killjoy, Omen, Sova, Viper",1
"Team Vikings","Icebox","Jett, Reyna, Sage, Sova, Viper",1
"Team Vikings","Split","Astra, Killjoy, Raze, Sage, Skye",1
"The Guard","Ascent","Astra, Jett, KAY/O, Killjoy, Sova",1
"The Guard","Ascent","Astra, Jett, Killjoy, Sage, Sova",1
"The Guard","Ascent","Breach, Chamber, Jett, Omen, Sova",1
"The Guard","Ascent","Jett, KAY/O, Killjoy, Omen, Sova",1
"The Guard","Bind","Astra, KAY/O, Raze, Sova, Viper",1
"The Guard","Bind","Brimstone, Chamber, Raze, Skye, Viper",1
"The Guard","Fracture","Astra, Breach, Chamber, Raze, Viper",1
"The Guard","Fracture","Breach, Brimstone, Chamber, Jett, Viper",1
"The Guard","Fracture","Breach, Brimstone, Chamber, Raze, Sage",1
"The Guard","Haven","Astra, Breach, Fade, Jett, Killjoy",1
"The Guard","Haven","Breach, Jett, Killjoy, Omen, Skye",1
"The Guard","Haven","Jett, Killjoy, Omen, Skye, Sova",1
"The Guard","Split","Astra, Chamber, Raze, Skye, Viper",1
"The Guard","Split","Breach, Cypher, Omen, Raze, Sage",1
"TRIDENT","Fracture","Astra, Breach, Chamber, Raze, Skye",1
"TRIDENT","Split","Astra, Chamber, KAY/O, Raze, Skye",1
"TSM","Ascent","Astra, Chamber, Fade, Raze, Sova",1
"TSM","Breeze","Chamber, Fade, Jett, Sova, Viper",1
"TSM","Breeze","Cypher, Jett, Skye, Sova, Viper",1
"TSM","Haven","Astra, Breach, Chamber, Jett, Phoenix",1
"TSM","Icebox","Chamber, Omen, Sage, Sova, Viper",1
"TSM","Split","Astra, Chamber, Jett, Raze, Skye",1
"Velocity Gaming","Icebox","Jett, KAY/O, Sage, Sova, Viper",1
"Velocity Gaming","Split","Breach, Jett, Killjoy, Omen, Raze",1
"Veronica7","Ascent","Astra, Jett, Killjoy, Skye, Sova",1
"Veronica7","Bind","Astra, Breach, Chamber, Raze, Skye",1
"Veronica7","Fracture","Astra, Breach, Cypher, Raze, Sage",1
"Veronica7","Haven","Astra, Breach, Cypher, Jett, Skye",1
"Veronica7","Split","Astra, Breach, Chamber, Raze, Sage",1
"Version1 (Inactive)","Bind","Brimstone, Jett, Raze, Sova, Viper",1
"Version1 (Inactive)","Haven","Astra, Breach, Chamber, Jett, Skye",1
"Version1 (Inactive)","Haven","Astra, Breach, Chamber, Jett, Sova",1
"Version1 (Inactive)","Haven","Breach, Chamber, Jett, KAY/O, Omen",1
"Version1 (Inactive)","Haven","Breach, Jett, KAY/O, Killjoy, Omen",1
"Version1 (Inactive)","Icebox","Chamber, Jett, Sage, Sova, Viper",1
"Version1 (Inactive)","Icebox","Jett, KAY/O, Sage, Sova, Viper",1
"Version1 (Inactive)","Icebox","Jett, Killjoy, Sage, Sova, Viper",1
"VPZ","Bind","Astra, Jett, Killjoy, Reyna, Skye",1
"VPZ","Split","Astra, Breach, Chamber, Raze, Reyna",1
"World Game Star","Ascent","Astra, Chamber, Jett, KAY/O, Sova",1
"World Game Star","Ascent","Astra, Chamber, Jett, Skye, Sova",1
"World Game Star","Ascent","Brimstone, Jett, KAY/O, Reyna, Sova",1
"World Game Star","Bind","Astra, Neon, Reyna, Sage, Skye",1
"World Game Star","Breeze","Chamber, Jett, Skye, Sova, Viper",1
"World Game Star","Haven","Astra, Jett, KAY/O, Killjoy, Sova",1
"World Game Star","Haven","Breach, Fade, Jett, Killjoy, Omen",1
"World Game Star","Haven","Breach, Fade, Omen, Raze, Reyna",1
"World Game Star","Haven","Breach, Jett, Killjoy, Omen, Sova",1
"World Game Star","Icebox","Chamber, Fade, Raze, Sage, Viper",1
"World Game Star","Split","Chamber, Jett, KAY/O, Omen, Sage",1
"XERXIA Esports","Ascent","Breach, Fade, Jett, Killjoy, Omen",1
"XERXIA Esports","Breeze","Chamber, Jett, Skye, Sova, Viper",1
"XERXIA Esports","Breeze","Cypher, Jett, KAY/O, Sova, Viper",1
"XERXIA Esports","Fracture","Breach, Brimstone, Chamber, Jett, Raze",1
"XERXIA Esports","Fracture","Breach, Chamber, Omen, Phoenix, Viper",1
"XERXIA Esports","Haven","Breach, Chamber, Neon, Omen, Skye",1
"XERXIA Esports","Icebox","Astra, Chamber, Sova, Viper, Yoru",1
"XERXIA Esports","Icebox","Chamber, Jett, Omen, Sova, Viper",1
"XERXIA Esports","Split","Breach, Chamber, Fade, Omen, Raze",1
"XERXIA Esports","Split","Breach, KAY/O, Killjoy, Omen, Raze",1
"XSET","Ascent","Brimstone, Cypher, Jett, Sage, Sova",1
"XSET","Breeze","Chamber, Jett, KAY/O, Sova, Viper",1
"XSET","Fracture","Breach, Brimstone, Chamber, Neon, Sage",1
"XSET","Fracture","Breach, Brimstone, Chamber, Raze, Sage",1
"XSET","Haven","Astra, Cypher, Jett, Skye, Sova",1
"XSET","Haven","Breach, Chamber, Fade, Omen, Raze",1
"XSET","Haven","Brimstone, Cypher, Jett, Skye, Sova",1
"XSET","Icebox","Chamber, Fade, KAY/O, Raze, Viper",1
"XSET","Icebox","Chamber, Jett, Raze, Sova, Viper",1
"XSET","Split","Astra, Breach, Chamber, Raze, Sage",1
"XSET","Split","Chamber, Omen, Raze, Sage, Viper",1
"ZETA DIVISION","Ascent","Astra, Chamber, Jett, Killjoy, Sova",1
"ZETA DIVISION","Ascent","Astra, Fade, Jett, KAY/O, Killjoy",1
"ZETA DIVISION","Ascent","Astra, Jett, KAY/O, Killjoy, Sova",1
"ZETA DIVISION","Bind","Breach, Brimstone, Jett, Raze, Skye",1
"ZETA DIVISION","Breeze","Chamber, Jett, KAY/O, Sova, Viper",1
"ZETA DIVISION","Fracture","Astra, Breach, Chamber, Jett, Raze",1
"ZETA DIVISION","Haven","Chamber, Fade, KAY/O, Neon, Omen",1
"ZETA DIVISION","Icebox","Chamber, Fade, Sage, Sova, Viper",1
"ZETA DIVISION","Pearl","Chamber, Omen, Raze, Skye, Viper",1