"Ign","Team","Agent","Rounds","Wins","Percentage"
"hsk","DetonatioN Gaming White","Skye",13,13,"100.00"
"Envy","FENNEL (ex)","Viper",13,13,"100.00"
"ANGE1","FunPlus Phoenix (ex)","Jett",13,13,"100.00"
"Derialy","FENNEL (ex)","Killjoy",13,13,"100.00"
"rDeeW","ORDER (ex)","Cypher",14,13,"92.86"
"WRONSKI","ORDER (ex)","Raze",14,13,"92.86"
"Meiy","Crazy Raccoon","Jett",29,26,"89.66"
"Zest","DRX","Skye",15,13,"86.67"
"GodDead","On Sla2ers (si)","Breach",15,13,"86.67"
"Flax","Hexad (ex)","Sova",15,13,"86.67"
"Phantom","FAV gaming","Sova",15,13,"86.67"
"Reita","REJECT (ex)","Chamber",30,26,"86.67"
"Maple","ORDER (ex)","Fade",15,13,"86.67"
"k1Ng","On Sla2ers (si)","Cypher",16,13,"81.25"
"Bazzi","On Sla2ers (ex)","Neon",16,13,"81.25"
"zeek","Acend (ex)","Breach",16,13,"81.25"
"Felix","HolyMolly (ex)","Sage",16,13,"81.25"
"BuZz","DRX","Cypher",16,13,"81.25"
"Nozwerr","FURIA (ex)","Fade",16,13,"81.25"
"takej","REJECT (ex)","Raze",16,13,"81.25"
"THEE","FULL SENSE","Cypher",16,13,"81.25"
"Sylvan","World Game Star","Viper",16,13,"81.25"
"Luke","World Game Star","KAY/O",16,13,"81.25"
"rDeeW","Bonkers(OCE) (ex)","Sage",16,13,"81.25"
"Has1ra14","CNJ Esports","Sage",16,13,"81.25"
"GodDead","On Sla2ers (si)","KAY/O",16,13,"81.25"
"Bangnan","DAMWON Gaming (ex)","KAY/O",33,26,"78.79"
"Destrian","LDN UTD (ex)","Astra",17,13,"76.47"
"Hate","DAMWON Gaming (ex)","Fade",17,13,"76.47"
"k1Ng","On Sla2ers (si)","Killjoy",34,26,"76.47"
"tuyz","TBK Esports (ex)","Reyna",17,13,"76.47"
"Moose","Luminosity Gaming (ex)","Brimstone",17,13,"76.47"
"MOLSI","LDN UTD (ex)","Skye",17,13,"76.47"
"Zellsis","Version1 (Inactive) (ex)","KAY/O",17,13,"76.47"
"kobra","Sengoku Gaming (ex)","Chamber",17,13,"76.47"
"Mazino","KRÜ Esports (ex)","Sova",17,13,"76.47"
"thiefy","Sengoku Gaming (ex)","Raze",17,13,"76.47"
"Marved","OpTic Gaming","KAY/O",35,26,"74.29"
"HaReeee","REJECT (ex)","Sage",70,52,"74.29"
"Zerost","BLUE BEES.ESP (ex)","Killjoy",35,26,"74.29"
"pANcada","LOUD (ex)","Sage",53,39,"73.58"
"Medusa","REJECT (ex)","Raze",53,39,"73.58"
"C0M","Evil Geniuses","Fade",36,26,"72.22"
"Fisker","FAV gaming (ex)","Reyna",36,26,"72.22"
"XXiF","Knights (ex)","Skye",18,13,"72.22"
"L1NK","Team Liquid (ex)","Sage",18,13,"72.22"
"xnfri","NORTHEPTION (ex)","Raze",18,13,"72.22"
"pyth","Bleed Esports (ex)","Viper",36,26,"72.22"
"valyn","The Guard (ex)","Viper",36,26,"72.22"
"vanity","Cloud9","Brimstone",18,13,"72.22"
"nobody","EDward Gaming","Sova",18,13,"72.22"
"Reita","REJECT (ex)","Viper",18,13,"72.22"
"valyn","The Guard","Viper",36,26,"72.22"
"Kadoom","Made in Thailand","Raze",36,26,"72.22"
"koalanoob","Ghost Gaming (ex)","Jett",18,13,"72.22"
"LOB","FAV gaming","Killjoy",18,13,"72.22"
"zekken","XSET (ex)","KAY/O",36,26,"72.22"
"Zellsis","Version1 (Inactive) (ex)","Skye",18,13,"72.22"
"Esperanza","DAMWON Gaming","Killjoy",18,13,"72.22"
"Exy","DAMWON Gaming","KAY/O",36,26,"72.22"
"Mizu","9z Team","Viper",18,13,"72.22"
"TS","On Sla2ers (ex)","Sova",55,39,"70.91"
"soulcas","Team Liquid","Skye",55,39,"70.91"
"Zest","DRX","Brimstone",37,26,"70.27"
"WRONSKI","ORDER (ex)","Chamber",37,26,"70.27"
"Meteor","NORTHEPTION (ex)","Chamber",37,26,"70.27"
"Hoody","G2 Esports (Inactive) (ex)","Skye",37,26,"70.27"
"Astell","Crazy Raccoon","KAY/O",37,26,"70.27"
"neth","Crazy Raccoon","Chamber",37,26,"70.27"
"Bazzi","On Sla2ers (ex)","Sage",56,39,"69.64"
"aspas","LOUD","Chamber",56,39,"69.64"
"TENSAI","FENNEL (ex)","Breach",39,27,"69.23"
"thiefy","Sengoku Gaming (ex)","Killjoy",71,49,"69.01"
"Texta","ORDER (ex)","Omen",70,48,"68.57"
"nAts","Gambit Esports (ex)","Viper",19,13,"68.42"
"LEXY","Bleed Esports (ex)","Killjoy",19,13,"68.42"
"STYRON","Gaimin Gladiators (ex)","Sova",19,13,"68.42"
"jEEE","NAOS Esports","Astra",19,13,"68.42"
"Maple","ORDER (ex)","Sage",19,13,"68.42"
"Redgar","M3 Champions","Astra",19,13,"68.42"
"koalanoob","Ghost Gaming (ex)","Chamber",19,13,"68.42"
"wippie","Version1 (Inactive) (ex)","Cypher",19,13,"68.42"
"oitaN","IGZIST","Viper",38,26,"68.42"
"Khalil","FURIA","Brimstone",19,13,"68.42"
"Exy","DAMWON Gaming","Reyna",19,13,"68.42"
"Less","LOUD","Chamber",38,26,"68.42"
"vakk","Acend","Skye",19,13,"68.42"
"Blas","NAOS Esports","Killjoy",19,13,"68.42"
"Frosty","Knights (ex)","Cypher",19,13,"68.42"
"NagZ","KRÜ Esports","Jett",76,52,"68.42"
"Asuna","100 Thieves","Neon",19,13,"68.42"
"d3ffo","M3 Champions (ex)","Skye",19,13,"68.42"
"Jady","M3 Champions","Fade",19,13,"68.42"
"T3xture","DAMWON Gaming (ex)","Neon",19,13,"68.42"
"Munchkin","Crazy Raccoon (ex)","Breach",19,13,"68.42"
"TS","On Sla2ers (si)","Sova",19,13,"68.42"
"Medusa","REJECT (ex)","Skye",19,13,"68.42"
"Dep","ZETA DIVISION","Omen",19,13,"68.42"
"Astell","Crazy Raccoon","Breach",19,13,"68.42"
"Shao","FunPlus Phoenix (ex)","Omen",19,13,"68.42"
"Kadoom","Made in Thailand","Neon",19,13,"68.42"
"Pepper","IGZIST (ex)","Chamber",38,26,"68.42"
"Moves","Team T5 (ex)","Reyna",19,13,"68.42"
"keznit","KRÜ Esports (ex)","Phoenix",147,100,"68.03"
"xeta","Cloud9 (ex)","Breach",132,89,"67.42"
"Shao","FunPlus Phoenix (ex)","Sage",58,39,"67.24"
"Klaus","KRÜ Esports","Cypher",149,100,"67.11"
"d4v41","Paper Rex","Sova",39,26,"66.67"
"Yacine","Guild Esports","Raze",39,26,"66.67"
"Johnqt","Ghost Gaming (ex)","Fade",42,28,"66.67"
"Estrella","Desperado (ex)","Raze",39,26,"66.67"
"aspas","LOUD","Jett",117,78,"66.67"
"Has1ra14","CNJ Esports","Sova",39,26,"66.67"
"Moothie","CNJ Esports (ex)","Reyna",39,26,"66.67"
"Asuna","100 Thieves","Skye",39,26,"66.67"
"dgzin","FURIA","Neon",39,26,"66.67"
"soulcas","Team Liquid","Raze",39,26,"66.67"
"v1xen","Keyd Stars (ex)","Brimstone",39,26,"66.67"
"Saadhak","LOUD","KAY/O",204,134,"65.69"
"Saadhak","LOUD","Skye",119,78,"65.55"
"Saadhak","LOUD","Sage",72,47,"65.28"
"이토히로부비부빗","Team T5 (ex)","Omen",20,13,"65.00"
"takej","REJECT (ex)","Chamber",20,13,"65.00"
"Has1ra14","Maru Gaming (ex)","Skye",20,13,"65.00"
"zepher","REJECT (ex)","Brimstone",20,13,"65.00"
"GodDead","On Sla2ers (si)","Sage",20,13,"65.00"
"L1NK","Team Liquid (ex)","Astra",20,13,"65.00"
"ANGE1","FunPlus Phoenix (ex)","Brimstone",60,39,"65.00"
"Xandrite","NORTHEPTION (ex)","Chamber",20,13,"65.00"
"frostmind","BOOM Esports (ex)","Sage",20,13,"65.00"
"Marmelo","Jadeite","Skye",20,13,"65.00"
"Medusa","REJECT (ex)","Neon",20,13,"65.00"
"Mistic","FNATIC (ex)","Sage",40,26,"65.00"
"mitch","Cloud9 (ex)","Cypher",40,26,"65.00"
"W1nner","Griffin E-Sports","Sova",20,13,"65.00"
"MOLSI","OG LDN UTD (ex)","Skye",20,13,"65.00"
"Enzo","FNATIC (ex)","Sova",100,65,"65.00"
"vanity","Cloud9","Astra",20,13,"65.00"
"vaiZ","Leviatán (ex)","Chamber",20,13,"65.00"
"Derrek","100 Thieves","Sova",20,13,"65.00"
"v1xen","Ninjas in Pyjamas (si)","Omen",20,13,"65.00"
"dephh","XSET (ex)","Brimstone",20,13,"65.00"
"v1nNy","Gamelanders Blue (ex)","Skye",20,13,"65.00"
"QutionerX","BBL Esports","Raze",20,13,"65.00"
"curry","Cloud9 (ex)","Fade",20,13,"65.00"
"Saadhak","LOUD","Breach",60,39,"65.00"
"Saadhak","LOUD","Raze",20,13,"65.00"
"crws","XERXIA Esports (ex)","Skye",60,39,"65.00"
"Bazzi","On Sla2ers (si)","Jett",20,13,"65.00"
"Secret","Desperado (ex)","Breach",20,13,"65.00"
"Cloud","Natus Vincere (ex)","Neon",20,13,"65.00"
"sheydos","M3 Champions (ex)","Skye",80,52,"65.00"
"sheydos","M3 Champions","Skye",80,52,"65.00"
"Zyppan","FunPlus Phoenix (ex)","Sage",20,13,"65.00"
"sushiboys","XERXIA Esports (ex)","Neon",20,13,"65.00"
"MaKo","DRX","Omen",102,66,"64.71"
"GODLIKE","World Game Star (ex)","Viper",104,67,"64.42"
"stax","DRX","KAY/O",146,94,"64.38"
"pANcada","LOUD (ex)","Omen",137,88,"64.23"
"adverso","Leviatán (ex)","Breach",95,61,"64.21"
"iRdy","World Game Star","Sage",131,84,"64.12"
"maxie","Bleed Esports (ex)","Astra",78,50,"64.10"
"cauanzin","Ninjas in Pyjamas (ex)","Sage",61,39,"63.93"
"d4v41","Paper Rex","Chamber",61,39,"63.93"
"Zest","DRX","Sage",102,65,"63.73"
"Sacy","LOUD (ex)","Sova",126,80,"63.49"
"GODLIKE","World Game Star (ex)","Jett",63,40,"63.49"
"iNTRO","DAMWON Gaming (ex)","Killjoy",41,26,"63.41"
"lenne","Bleed Esports (ex)","Skye",41,26,"63.41"
"AYRIN","XSET (ex)","Omen",82,52,"63.41"
"2GE","Rex Regum Qeon","Skye",41,26,"63.41"
"TiGG","Luminosity Gaming (ex)","KAY/O",41,26,"63.41"
"BlackWiz","NORTHEPTION","Omen",41,26,"63.41"
"Rabbet","Rex Regum Qeon","Sage",41,26,"63.41"
"stax","DRX","Skye",534,337,"63.11"
"iRdy","World Game Star","Sova",168,106,"63.10"
"NagZ","KRÜ Esports","Chamber",162,102,"62.96"
"NiSMO","Ghost Gaming (ex)","Raze",54,34,"62.96"
"aproto","Ghost Gaming (ex)","Astra",54,34,"62.96"
"murizzz","Keyd Stars (ex)","Viper",62,39,"62.90"
"JhoW","Keyd Stars (ex)","Sage",62,39,"62.90"
"bang","100 Thieves","Brimstone",62,39,"62.90"
"adrnking","Alter Ego","Skye",78,49,"62.82"
"ANDROID","NRG Esports (ex)","Killjoy",43,27,"62.79"
"Less","LOUD","Killjoy",129,81,"62.79"
"something","BLUE BEES.ESP (ex)","Jett",59,37,"62.71"
"Derke","FNATIC","Chamber",254,159,"62.60"
"Enzo","FNATIC (ex)","Viper",64,40,"62.50"
"Rb","DRX","Raze",130,81,"62.31"
"SUYGETSU","FunPlus Phoenix (ex)","Viper",130,81,"62.31"
"GodDead","On Sla2ers","Breach",66,41,"62.12"
"Jamppi","Team Liquid","Jett",21,13,"61.90"
"adverso","Leviatán (ex)","Skye",21,13,"61.90"
"zennakukinn","BLUE BEES.ESP (ex)","Breach",21,13,"61.90"
"AvovA","G2 Esports (Inactive) (ex)","Viper",21,13,"61.90"
"Tempz","No Namers (ex)","KAY/O",21,13,"61.90"
"Benkai","Paper Rex","Viper",42,26,"61.90"
"takej","REJECT (ex)","Astra",21,13,"61.90"
"blaZek1ng","BOOM Esports","Sage",21,13,"61.90"
"bnj","9z Team (si)","Fade",21,13,"61.90"
"Suggest","DetonatioN Gaming White (ex)","Jett",21,13,"61.90"
"SSeeS","DetonatioN Gaming White (ex)","Skye",21,13,"61.90"
"BuZz","DRX","Astra",21,13,"61.90"
"SiuFatBB","Griffin E-Sports","Yoru",21,13,"61.90"
"sheydos","M3 Champions","Fade",42,26,"61.90"
"crow","ZETA DIVISION","Sova",21,13,"61.90"
"d3ffo","M3 Champions (ex)","Raze",21,13,"61.90"
"Puleule","9z Team","Sova",21,13,"61.90"
"pollo","Team Vikings (ex)","Chamber",21,13,"61.90"
"Nivera","Team Liquid (ex)","KAY/O",21,13,"61.90"
"neth","Crazy Raccoon","Cypher",42,26,"61.90"
"DxN","No Namers (ex)","Killjoy",21,13,"61.90"
"eeiu","NRG Esports (ex)","Skye",21,13,"61.90"
"Eeyore","Persija Esports","Chamber",21,13,"61.90"
"mindfreak","Paper Rex","Viper",168,104,"61.90"
"Flynch","Persija Esports (ex)","Neon",21,13,"61.90"
"foxz","XERXIA Esports (ex)","KAY/O",21,13,"61.90"
"Harry","HolyMolly","Viper",21,13,"61.90"
"JinboongE","HolyMolly (ex)","Breach",21,13,"61.90"
"Jemkin","BLUE BEES.ESP (ex)","Raze",21,13,"61.90"
"iNTRO","DAMWON Gaming (si)","Breach",21,13,"61.90"
"stax","DRX","Fade",68,42,"61.76"
"Bazzi","On Sla2ers (ex)","Raze",68,42,"61.76"
"k1Ng","On Sla2ers (ex)","Viper",102,63,"61.76"
"GodDead","On Sla2ers","KAY/O",34,21,"61.76"
"Zest","DRX","Fade",224,138,"61.61"
"murizzz","Keyd Stars (ex)","Killjoy",91,56,"61.54"
"BuZz","DRX","Chamber",286,176,"61.54"
"JonahP","The Guard","KAY/O",39,24,"61.54"
"Exy","DAMWON Gaming","Omen",52,32,"61.54"
"MaKo","DRX","Viper",140,86,"61.43"
"Delz1k","KRÜ Esports (ex)","Brimstone",44,27,"61.36"
"crashies","OpTic Gaming (ex)","Skye",132,81,"61.36"
"Jinggg","Paper Rex","Raze",308,189,"61.36"
"dephh","XSET (ex)","KAY/O",106,65,"61.32"
"Jinggg","Paper Rex","Sage",106,65,"61.32"
"Bazzi","On Sla2ers (ex)","Jett",67,41,"61.19"
"TENNN","ZETA DIVISION","Sage",103,63,"61.17"
"Delend","Made in Thailand (ex)","Brimstone",59,36,"61.02"
"JinboongE","Brimstone (ex)","KAY/O",64,39,"60.94"
"f0rsakeN","Paper Rex","Neon",120,73,"60.83"
"MaKo","DRX","Brimstone",94,57,"60.64"
"Mazino","KRÜ Esports (ex)","KAY/O",109,66,"60.55"
"RHZ","Keyd Stars (ex)","Sova",38,23,"60.53"
"T3xture","DAMWON Gaming (ex)","Chamber",38,23,"60.53"
"Xeppaa","Cloud9","Skye",38,23,"60.53"
"Shiro","Onic Esports (ex)","Sova",38,23,"60.53"
"Derrek","100 Thieves","Sage",81,49,"60.49"
"Famouz","BOOM Esports (ex)","Sova",43,26,"60.47"
"Sơn KeKe","Fancy United Esports (ex)","KAY/O",43,26,"60.47"
"tixx","Bonkers(OCE) (ex)","Brimstone",43,26,"60.47"
"Nozz","Bonkers(OCE) (ex)","Raze",43,26,"60.47"
"Russ","Guild Esports (ex)","Sage",134,81,"60.45"
"stellar","100 Thieves","Viper",131,79,"60.31"
"Lmemore","Onic Esports (ex)","Chamber",103,62,"60.19"
"Astell","Crazy Raccoon","Killjoy",138,83,"60.14"
"adverso","Leviatán (ex)","Viper",105,63,"60.00"
"noxxy","Alter Ego (si)","Fade",40,24,"60.00"
"Maple","ORDER (ex)","Skye",35,21,"60.00"
"ANGE1","FunPlus Phoenix (ex)","Viper",65,39,"60.00"
"keznit","KRÜ Esports (ex)","KAY/O",85,51,"60.00"
"NcSlasher","Onic Esports (ex)","Astra",122,73,"59.84"
"vaiZ","Leviatán (ex)","Cypher",119,71,"59.66"
"foxz","XERXIA Esports (ex)","Fade",94,56,"59.57"
"WRONSKI","ORDER (ex)","Jett",37,22,"59.46"
"Shyy","Leviatán","KAY/O",133,79,"59.40"
"flippy","South Built Esports (ex)","Breach",59,35,"59.32"
"zepher","REJECT (ex)","Chamber",59,35,"59.32"
"Alfajer","FNATIC","Killjoy",167,99,"59.28"
"BerserX","BOOM Esports","Chamber",54,32,"59.26"
"Laz","ZETA DIVISION","Chamber",336,199,"59.23"
"kiNgg","Leviatán","Neon",225,133,"59.11"
"Envy","FENNEL (ex)","Killjoy",22,13,"59.09"
"Mizu","9z Team","Jett",22,13,"59.09"
"AslaN","BIG (ex)","Brimstone",22,13,"59.09"
"Medusa","Crest Gaming ZST (si)","Neon",22,13,"59.09"
"Eugene","DAMWON Gaming","Raze",22,13,"59.09"
"mnz","IXA","Sage",22,13,"59.09"
"MOLSI","OG LDN UTD (ex)","Sova",22,13,"59.09"
"Moves","Maru Gaming (ex)","Sova",22,13,"59.09"
"musashi","BIG (ex)","Chamber",22,13,"59.09"
"Melser","Leviatán (ex)","Sage",22,13,"59.09"
"Starxo","Acend","Chamber",22,13,"59.09"
"Starxo","Acend","Raze",22,13,"59.09"
"takej","Crest Gaming ZST (si)","Astra",22,13,"59.09"
"mada","Luminosity Gaming (ex)","Jett",22,13,"59.09"
"Dreamas","Team Liquid (ex)","Sage",44,26,"59.09"
"AvovA","G2 Esports (Inactive) (ex)","KAY/O",22,13,"59.09"
"valyn","The Guard","Brimstone",44,26,"59.09"
"frz","Sharks Esports (ex)","Killjoy",22,13,"59.09"
"valyn","The Guard (ex)","Brimstone",44,26,"59.09"
"skrawl","Bonkers(OCE) (ex)","Viper",44,26,"59.09"
"SicK","Sentinels (ex)","Raze",22,13,"59.09"
"Leo","Guild Esports (ex)","Chamber",22,13,"59.09"
"heat","Keyd Stars (ex)","Jett",110,65,"59.09"
"B1ngSu","Veronica7","Chamber",22,13,"59.09"
"sheydos","Gambit Esports (ex)","KAY/O",22,13,"59.09"
"dephh","XSET (ex)","Sage",22,13,"59.09"
"SEIDER","FunPlus Phoenix (si)","Omen",44,26,"59.09"
"BcJ","XSET (ex)","Breach",22,13,"59.09"
"Kaminari","Hexad (ex)","Reyna",22,13,"59.09"
"sushiboys","XERXIA Esports (ex)","Raze",22,13,"59.09"
"CTC","Los Grandes (ex)","Yoru",22,13,"59.09"
"trexx","Guild Esports","Killjoy",22,13,"59.09"
"TiGG","Luminosity Gaming (ex)","Sova",22,13,"59.09"
"s0m","NRG Esports","Raze",44,26,"59.09"
"RyZzi","Desperado (ex)","Jett",22,13,"59.09"
"Reita","Crest Gaming ZST (si)","Fade",22,13,"59.09"
"rez1v","Storks Phalanx","Cypher",22,13,"59.09"
"d4v41","Paper Rex","KAY/O",22,13,"59.09"
"penny","Version1 (Inactive) (ex)","Jett",83,49,"59.04"
"stax","DRX","Breach",144,85,"59.03"
"Zander","Version1 (Inactive) (ex)","Astra",61,36,"59.02"
"blaZek1ng","BOOM Esports","Astra",112,66,"58.93"
"Benkai","Paper Rex","Sage",58,34,"58.62"
"Yun","Pentagon","Skye",41,24,"58.54"
"popogachi","Crazy Raccoon","Sova",328,192,"58.54"
"takej","REJECT (ex)","Reyna",65,38,"58.46"
"Rb","DRX","Neon",142,83,"58.45"
"PTC","FULL SENSE (ex)","Skye",151,88,"58.28"
"SUYGETSU","FunPlus Phoenix (ex)","Killjoy",134,78,"58.21"
"Meiy","Crazy Raccoon","Skye",122,71,"58.20"
"AloNeFillz","Made in Thailand","Sage",122,71,"58.20"
"MaKo","DRX","Astra",299,174,"58.19"
"zunba","On Sla2ers (ex)","Brimstone",86,50,"58.14"
"Tacolilla","Leviatán","Chamber",222,129,"58.11"
"soulcas","Team Liquid","Fade",265,154,"58.11"
"bezn1","Ninjas in Pyjamas (ex)","Killjoy",136,79,"58.09"
"iNTRO","DAMWON Gaming (si)","Omen",62,36,"58.06"
"braveaf","FNATIC (ex)","Sage",62,36,"58.06"
"Derke","FNATIC","Raze",62,36,"58.06"
"Victor","OpTic Gaming (ex)","Raze",62,36,"58.06"
"d4v41","Paper Rex","Sage",81,47,"58.02"
"Kr1stal","BLUE BEES.ESP (ex)","Sage",69,40,"57.97"
"Redgar","M3 Champions (ex)","Omen",195,113,"57.95"
"Redgar","M3 Champions","Omen",195,113,"57.95"
"Delz1k","KRÜ Esports (ex)","Omen",76,44,"57.89"
"Hate","DAMWON Gaming (ex)","Sage",38,22,"57.89"
"neT","The Guard","Breach",83,48,"57.83"
"Zest","DRX","Sova",332,192,"57.83"
"Monyet","Onic Esports (ex)","Jett",109,63,"57.80"
"baddyG","FunPlus Phoenix (ex)","Astra",45,26,"57.78"
"Witz","Team Secret (ex)","Skye",45,26,"57.78"
"Tacolilla","Leviatán","Jett",45,26,"57.78"
"matheuzin","TBK Esports","Sage",45,26,"57.78"
"Luke","World Game Star","Breach",71,41,"57.75"
"adverso","Leviatán (ex)","Sova",227,131,"57.71"
"Enzo","FNATIC (ex)","Fade",189,109,"57.67"
"Esperanza","DAMWON Gaming","Sova",111,64,"57.66"
"kiNgg","Leviatán","KAY/O",111,64,"57.66"
"ScreaM","Team Liquid (ex)","Raze",281,162,"57.65"
"bdog","Luminosity Gaming (ex)","Chamber",85,49,"57.65"
"NagZ","KRÜ Esports","Sage",118,68,"57.63"
"WIX","Maru Gaming (ex)","Viper",59,34,"57.63"
"Mazino","KRÜ Esports (ex)","Fade",184,106,"57.61"
"Boaster","FNATIC","Breach",40,23,"57.50"
"xand","Ninjas in Pyjamas (ex)","Jett",200,115,"57.50"
"lukzera","TBK Esports","Brimstone",40,23,"57.50"
"BuZz","DRX","Killjoy",200,115,"57.50"
"xnfri","NORTHEPTION (ex)","Chamber",127,73,"57.48"
"crws","XERXIA Esports (ex)","Sage",94,54,"57.45"
"JhoW","Keyd Stars (ex)","Cypher",68,39,"57.35"
"Esperanza","DAMWON Gaming","Sage",131,75,"57.25"
"k1Ng","On Sla2ers (ex)","Cypher",145,83,"57.24"
"Benkai","Paper Rex","Sova",42,24,"57.14"
"ardiis","FunPlus Phoenix (ex)","KAY/O",273,156,"57.14"
"Victor","OpTic Gaming (ex)","Yoru",42,24,"57.14"
"crow","ZETA DIVISION","Skye",205,117,"57.07"
"trexx","Guild Esports","Cypher",149,85,"57.05"
"BerserX","BOOM Esports","Jett",93,53,"56.99"
"keznit","KRÜ Esports (ex)","Neon",132,75,"56.82"
"Less","LOUD","Cypher",74,42,"56.76"
"Laz","ZETA DIVISION","Viper",208,118,"56.73"
"Witz","Team Secret (ex)","Jett",104,59,"56.73"
"tuyz","TBK Esports (ex)","Neon",67,38,"56.72"
"AYRIN","XSET (ex)","Viper",157,89,"56.69"
"GODLIKE","World Game Star (ex)","Skye",76,43,"56.58"
"mixwell","G2 Esports (Inactive) (ex)","Chamber",419,237,"56.56"
"mixwell","G2 Esports (Inactive) (ex)","Skye",23,13,"56.52"
"JitboyS","FW Esports (ex)","Fade",23,13,"56.52"
"DaeGi","Team GP (ex)","Jett",23,13,"56.52"
"RgLMeister","Keyd Stars (ex)","Omen",23,13,"56.52"
"bmVz","Fancy United Esports (ex)","Cypher",23,13,"56.52"
"Retla","Bleed Esports (ex)","Sage",23,13,"56.52"
"AlKawai","Insomnia (ex)","Brimstone",23,13,"56.52"
"godko","Desperado (ex)","Cypher",23,13,"56.52"
"krain","Liberty","Omen",23,13,"56.52"
"Delz1k","KRÜ Esports (ex)","Sova",23,13,"56.52"
"BerserX","BOOM Esports","Skye",23,13,"56.52"
"Has1ra14","Maru Gaming (ex)","Sage",23,13,"56.52"
"Johnqt","Ghost Gaming (ex)","Chamber",46,26,"56.52"
"gob b","BIG (ex)","Breach",23,13,"56.52"
"Zerost","BLUE BEES.ESP (ex)","Viper",23,13,"56.52"
"Derialy","FENNEL (ex)","Sova",23,13,"56.52"
"Shao","FunPlus Phoenix (ex)","Fade",460,260,"56.52"
"Derrek","100 Thieves","Breach",23,13,"56.52"
"leaf","Cloud9","Chamber",23,13,"56.52"
"poem","IGZIST","Skye",23,13,"56.52"
"jotinha","SunXet Club (ex)","Killjoy",23,13,"56.52"
"pdr","INGAMING Esports (ex)","Breach",23,13,"56.52"
"vakk","Acend","Sage",23,13,"56.52"
"skrawl","Bonkers(OCE) (ex)","Sova",23,13,"56.52"
"frz","Sharks Esports (ex)","Chamber",23,13,"56.52"
"Lumo","Insomnia (ex)","KAY/O",23,13,"56.52"
"Hoody","G2 Esports (Inactive) (ex)","Jett",23,13,"56.52"
"Duno","Natus Vincere (ex)","Astra",23,13,"56.52"
"Apinya","FW Esports (ex)","Brimstone",23,13,"56.52"
"myssen","Liberty","Sage",23,13,"56.52"
"fenNy","SunXet Club","Jett",23,13,"56.52"
"Brave","SuperMassive (ex)","Breach",23,13,"56.52"
"Meiy","Crazy Raccoon","Raze",23,13,"56.52"
"EndU","Team GP","Killjoy",23,13,"56.52"
"mazin","FURIA","KAY/O",46,26,"56.52"
"W1nner","Griffin E-Sports","Astra",23,13,"56.52"
"Minty","FAV gaming","KAY/O",23,13,"56.52"
"fl1pzjder","BOOM Esports (ex)","KAY/O",69,39,"56.52"
"ExiA","Spear Gaming","Sova",46,26,"56.52"
"FNS","OpTic Gaming (ex)","Sage",62,35,"56.45"
"Felix","HolyMolly (ex)","Omen",39,22,"56.41"
"Nivera","Team Liquid (ex)","Chamber",144,81,"56.25"
"MONSTEERR","Acend (ex)","Cypher",48,27,"56.25"
"crashies","OpTic Gaming (ex)","Fade",89,50,"56.18"
"Marved","OpTic Gaming","Brimstone",387,217,"56.07"
"MOLSI","OG LDN UTD (ex)","Raze",66,37,"56.06"
"ExiA","Spear Gaming","Fade",66,37,"56.06"
"Ethan","NRG Esports (ex)","KAY/O",109,61,"55.96"
"mindfreak","Paper Rex","Brimstone",84,47,"55.95"
"Meddo","G2 Esports (Inactive) (ex)","Viper",59,33,"55.93"
"vow","Team T5 (ex)","Viper",59,33,"55.93"
"TORANECO","Hexad (ex)","Killjoy",34,19,"55.88"
"Brofeld","Hexad (ex)","Reyna",34,19,"55.88"
"bezn1","Ninjas in Pyjamas (ex)","Cypher",342,191,"55.85"
"L1NK","Team Liquid (ex)","Omen",77,43,"55.84"
"neth","Crazy Raccoon","Killjoy",120,67,"55.83"
"JoXJo","NORTHEPTION (ex)","Skye",43,24,"55.81"
"Zerost","BLUE BEES.ESP (ex)","Cypher",43,24,"55.81"
"dgzin","Gamelanders Blue (ex)","Neon",43,24,"55.81"
"trexx","Guild Esports","Jett",43,24,"55.81"
"Russ","Guild Esports (ex)","Breach",43,24,"55.81"
"cauanzin","Ninjas in Pyjamas (ex)","KAY/O",242,135,"55.79"
"crashies","OpTic Gaming (ex)","KAY/O",466,260,"55.79"
"kiNgg","Leviatán","Breach",104,58,"55.77"
"BcJ","XSET (ex)","Skye",226,126,"55.75"
"d3ffo","M3 Champions (ex)","Neon",61,34,"55.74"
"Sacy","LOUD (ex)","Fade",210,117,"55.71"
"oitaN","IGZIST","Chamber",124,69,"55.65"
"nAts","M3 Champions (ex)","Viper",142,79,"55.63"
"nAts","M3 Champions (ex)","Viper",142,79,"55.63"
"AYRIN","XSET (ex)","Astra",63,35,"55.56"
"crow","ZETA DIVISION","Fade",81,45,"55.56"
"vaiZ","Leviatán (ex)","KAY/O",63,35,"55.56"
"THEE","FULL SENSE","Chamber",92,51,"55.43"
"cauanzin","Ninjas in Pyjamas (ex)","Sova",159,88,"55.35"
"Harry","Brimstone (si)","Viper",47,26,"55.32"
"BcJ","XSET (ex)","Fade",47,26,"55.32"
"Shao","FunPlus Phoenix (ex)","Jett",47,26,"55.32"
"10X","Brimstone (si)","Raze",47,26,"55.32"
"Saadhak","LOUD","Chamber",47,26,"55.32"
"SUYGETSU","FunPlus Phoenix (ex)","Sage",387,214,"55.30"
"yay","OpTic Gaming (ex)","Chamber",796,440,"55.28"
"braveaf","FNATIC (ex)","Sova",38,21,"55.26"
"Russ","Guild Esports (ex)","Cypher",38,21,"55.26"
"Rb","DRX","Chamber",76,42,"55.26"
"Esperanza","DAMWON Gaming","Cypher",38,21,"55.26"
"HANN","World Game Star","Neon",277,153,"55.23"
"gtnziN","MIBR (ex)","Sage",67,37,"55.22"
"leaf","Cloud9","Neon",67,37,"55.22"
"Will","100 Thieves (ex)","Raze",154,85,"55.19"
"Rb","DRX","Killjoy",58,32,"55.17"
"stellar","100 Thieves","Sage",272,150,"55.15"
"Zyppan","FunPlus Phoenix (ex)","Raze",292,161,"55.14"
"pyth","Bleed Esports (ex)","Killjoy",176,97,"55.11"
"Asuna","100 Thieves","Fade",49,27,"55.10"
"Moose","Luminosity Gaming (ex)","Sage",49,27,"55.10"
"d3ffo","Gambit Esports (ex)","Jett",69,38,"55.07"
"Alfajer","FNATIC","Raze",178,98,"55.06"
"tehbotol","BOOM Esports (ex)","Astra",80,44,"55.00"
"mitch","Cloud9 (ex)","Chamber",80,44,"55.00"
"Hoody","G2 Esports (Inactive) (ex)","Sage",131,72,"54.96"
"wannafly","Made in Thailand","Chamber",91,50,"54.95"
"Melser","Leviatán (ex)","Astra",202,111,"54.95"
"stellar","100 Thieves","Cypher",182,100,"54.95"
"Minimise","Bonkers(OCE) (ex)","Sage",71,39,"54.93"
"d4v41","Paper Rex","Skye",71,39,"54.93"
"Chronicle","Gambit Esports (ex)","Brimstone",51,28,"54.90"
"sheydos","Gambit Esports (ex)","Sage",51,28,"54.90"
"NoriseN","REJECT (ex)","KAY/O",51,28,"54.90"
"lenne","Bleed Esports (ex)","Sova",133,73,"54.89"
"pr0xy","Spear Gaming (ex)","Killjoy",82,45,"54.88"
"aspas","LOUD","Raze",226,124,"54.87"
"AvovA","G2 Esports (Inactive) (ex)","Astra",188,103,"54.79"
"lukzera","TBK Esports","Omen",84,46,"54.76"
"Lakia","IGZIST (ex)","Skye",42,23,"54.76"
"GodDead","On Sla2ers","Sage",42,23,"54.76"
"Halbae","World Game Star (ex)","Killjoy",42,23,"54.76"
"seven","TSM (ex)","Neon",42,23,"54.76"
"NeruFi","Crest Gaming ZST","Cypher",42,23,"54.76"
"NcSlasher","Onic Esports (ex)","Skye",42,23,"54.76"
"wannafly","Made in Thailand","Viper",126,69,"54.76"
"RHZ","Keyd Stars (si)","Breach",64,35,"54.69"
"Reformed","Evil Geniuses","Skye",64,35,"54.69"
"bnj","Ninjas in Pyjamas (ex)","Omen",64,35,"54.69"
"disk0","ORDER (ex)","Raze",64,35,"54.69"
"iNTRO","DAMWON Gaming (si)","Viper",64,35,"54.69"
"TS","On Sla2ers (ex)","Fade",64,35,"54.69"
"stellar","100 Thieves","KAY/O",64,35,"54.69"
"Chibab","Maru Gaming","Neon",139,76,"54.68"
"Jinggg","Paper Rex","Reyna",214,117,"54.67"
"mindfreak","Paper Rex","Astra",236,129,"54.66"
"zekken","XSET (ex)","Jett",86,47,"54.65"
"poem","IGZIST","KAY/O",119,65,"54.62"
"BcJ","XSET (ex)","Omen",163,89,"54.60"
"foxz","XERXIA Esports (ex)","Skye",174,95,"54.60"
"zekken","XSET (ex)","Raze",174,95,"54.60"
"T3xture","DAMWON Gaming (ex)","Jett",229,125,"54.59"
"ardiis","FunPlus Phoenix (ex)","Jett",185,101,"54.59"
"rubkkoide","PAMPAS (ex)","KAY/O",33,18,"54.55"
"deLb","Alter Ego","Neon",66,36,"54.55"
"Khalil","FURIA","Omen",143,78,"54.55"
"NAOS JA","South Built Esports (ex)","Astra",88,48,"54.55"
"7ssk7","Natus Vincere (ex)","Chamber",121,66,"54.55"
"ScreaM","Team Liquid (ex)","Sage",66,36,"54.55"
"TENNN","ZETA DIVISION","Raze",231,126,"54.55"
"dephh","XSET (ex)","Astra",211,115,"54.50"
"takej","REJECT (ex)","Brimstone",123,67,"54.47"
"mazin","FURIA","Jett",101,55,"54.46"
"Shiro","Onic Esports (ex)","Fade",79,43,"54.43"
"Klaus","KRÜ Esports","Viper",114,62,"54.39"
"Reita","REJECT (ex)","Fade",138,75,"54.35"
"neth","Crazy Raccoon","Brimstone",46,25,"54.35"
"pyth","Bleed Esports (ex)","Breach",46,25,"54.35"
"mwzera","Keyd Stars (ex)","Skye",127,69,"54.33"
"Apoth","Evil Geniuses","Brimstone",35,19,"54.29"
"Mazino","KRÜ Esports (ex)","Sage",94,51,"54.26"
"Rb","DRX","Jett",201,109,"54.23"
"neT","The Guard","Killjoy",262,142,"54.20"
"Boaster","FNATIC","Viper",24,13,"54.17"
"Bonecold","Acend (ex)","Omen",48,26,"54.17"
"Starxo","Acend","Sage",24,13,"54.17"
"bucher","FOKUS (ex)","Killjoy",24,13,"54.17"
"C1nder","SCARZ (ex)","Chamber",24,13,"54.17"
"Sayf","Guild Esports (ex)","Chamber",96,52,"54.17"
"이토히로부비부빗","Team T5 (ex)","Sage",24,13,"54.17"
"TiGG","Luminosity Gaming (ex)","Brimstone",24,13,"54.17"
"Russ","Guild Esports (ex)","KAY/O",24,13,"54.17"
"RHZ","Keyd Stars (ex)","Skye",24,13,"54.17"
"rez1v","Storks Phalanx","Viper",24,13,"54.17"
"dapr","Sentinels (ex)","Cypher",24,13,"54.17"
"Reformed","Evil Geniuses","Sage",24,13,"54.17"
"Reformed","Evil Geniuses","Viper",24,13,"54.17"
"rDeeW","Bonkers(OCE) (ex)","Chamber",48,26,"54.17"
"Rb","DRX","KAY/O",24,13,"54.17"
"Purp0","Acend (si)","Raze",24,13,"54.17"
"DeNaro","MIBR (ex)","Sova",24,13,"54.17"
"DeNaro","MIBR (ex)","Skye",24,13,"54.17"
"pr0xy","Spear Gaming (ex)","Jett",24,13,"54.17"
"dimasick","Team Liquid","Sage",24,13,"54.17"
"Asuna","100 Thieves","Reyna",24,13,"54.17"
"mNdS","MIBR (ex)","Viper",24,13,"54.17"
"Felix","Brimstone (si)","Sage",24,13,"54.17"
"Feniz","E-Xolos LAZER","Raze",24,13,"54.17"
"Witz","Team Secret (ex)","Breach",24,13,"54.17"
"Meteor","NORTHEPTION (ex)","Jett",144,78,"54.17"
"MerRy","Storks Phalanx (ex)","Killjoy",24,13,"54.17"
"artzin","Stars Horizon (ex)","Jett",24,13,"54.17"
"Medusa","REJECT (ex)","Astra",24,13,"54.17"
"flippy","South Built Esports (ex)","Skye",24,13,"54.17"
"ardiis","FunPlus Phoenix (ex)","Sova",24,13,"54.17"
"mada","Luminosity Gaming (ex)","Neon",24,13,"54.17"
"frz","MIBR","Killjoy",24,13,"54.17"
"ANGE1","FunPlus Phoenix (ex)","Killjoy",24,13,"54.17"
"Leo","Guild Esports (ex)","Sage",24,13,"54.17"
"kvzx","NAOS Esports","Skye",24,13,"54.17"
"zeek","Acend (ex)","Raze",24,13,"54.17"
"zeek","Acend (ex)","Omen",24,13,"54.17"
"HANLING","9z Team (ex)","Chamber",24,13,"54.17"
"Kakarot","NAOS Esports","Brimstone",24,13,"54.17"
"zepher","REJECT (ex)","Reyna",24,13,"54.17"
"Zyppan","FunPlus Phoenix (ex)","Reyna",24,13,"54.17"
"jzz","MIBR","Jett",24,13,"54.17"
"Blas","NAOS Esports","Sage",24,13,"54.17"
"Tacolilla","Leviatán","Skye",24,13,"54.17"
"dimasick","Team Liquid","Omen",133,72,"54.14"
"LEXY","Bleed Esports (ex)","Sage",85,46,"54.12"
"TENNN","ZETA DIVISION","KAY/O",122,66,"54.10"
"7ssk7","Natus Vincere (ex)","Jett",98,53,"54.08"
"vanity","Cloud9","Omen",246,133,"54.07"
"Keria","Spear Gaming","Viper",111,60,"54.05"
"Reita","REJECT (ex)","Reyna",37,20,"54.05"
"Medusa","REJECT (ex)","Cypher",37,20,"54.05"
"GODLIKE","World Game Star (ex)","Sage",37,20,"54.05"
"Dreamas","LDN UTD (ex)","Chamber",37,20,"54.05"
"Bazzi","On Sla2ers (ex)","Yoru",174,94,"54.02"
"ANGE1","FunPlus Phoenix (ex)","Omen",400,216,"54.00"
"Quick","FURIA","Killjoy",50,27,"54.00"
"Nozwerr","FURIA (ex)","Sova",50,27,"54.00"
"JoXJo","NORTHEPTION (ex)","KAY/O",50,27,"54.00"
"cNed","Acend (ex)","Reyna",63,34,"53.97"
"s0m","NRG Esports","Sage",63,34,"53.97"
"ChAlalala","FULL SENSE (ex)","Astra",126,68,"53.97"
"Wavy","CNJ Esports","Raze",63,34,"53.97"
"BlackWiz","NORTHEPTION","Astra",128,69,"53.91"
"vaiZ","Leviatán (ex)","Skye",26,14,"53.85"
"iNTRO","DAMWON Gaming (ex)","Chamber",26,14,"53.85"
"Monyet","Onic Esports (ex)","Neon",117,63,"53.85"
"WKN","Meta Gaming (ex)","Astra",52,28,"53.85"
"10X","HolyMolly (ex)","Sage",26,14,"53.85"
"BlackWiz","NORTHEPTION","Brimstone",78,42,"53.85"
"GODLIKE","World Game Star (ex)","Raze",26,14,"53.85"
"bnj","9z Team (si)","Sage",26,14,"53.85"
"tuyz","TBK Esports (ex)","Sage",26,14,"53.85"
"oitaN","IGZIST","Killjoy",26,14,"53.85"
"Hermes","HolyMolly (ex)","Yoru",26,14,"53.85"
"Nivera","Team Liquid (ex)","Breach",52,28,"53.85"
"Xeppaa","Cloud9","Fade",143,77,"53.85"
"KimGyuTae","Desperado","Jett",26,14,"53.85"
"jcStani","100 Thieves (ex)","Omen",26,14,"53.85"
"Lawrence","GoNGo Prince","Sage",26,14,"53.85"
"Lily","EVA:e","Raze",26,14,"53.85"
"Derialy","NORTHEPTION","Neon",78,42,"53.85"
"trexx","Guild Esports","Raze",93,50,"53.76"
"Boaster","FNATIC","KAY/O",93,50,"53.76"
"JonahP","The Guard","Skye",80,43,"53.75"
"bang","100 Thieves","Omen",67,36,"53.73"
"Sayaplayer","The Guard (ex)","Jett",365,196,"53.70"
"Sylvan","World Game Star","Astra",177,95,"53.67"
"Benkai","Paper Rex","Fade",123,66,"53.66"
"sushiboys","XERXIA Esports (ex)","Killjoy",369,198,"53.66"
"BORKUM","Team Secret","Omen",82,44,"53.66"
"d3ffo","M3 Champions (ex)","Jett",69,37,"53.62"
"Shiro","Onic Esports (ex)","Chamber",138,74,"53.62"
"brawk","Ghost Gaming (ex)","Breach",28,15,"53.57"
"Klaus","KRÜ Esports","Fade",56,30,"53.57"
"vanity","Cloud9","KAY/O",28,15,"53.57"
"Khalil","FURIA","Killjoy",84,45,"53.57"
"Lightningfast","Global Esports","KAY/O",28,15,"53.57"
"skillZ","Global Esports","Astra",28,15,"53.57"
"Fross","SunXet Club","Omen",28,15,"53.57"
"v1xen","Keyd Stars (ex)","Viper",28,15,"53.57"
"Alfajer","FNATIC","Neon",43,23,"53.49"
"JonahP","The Guard","Breach",43,23,"53.49"
"Dep","ZETA DIVISION","Neon",86,46,"53.49"
"ryotzz","TBK Esports","Fade",43,23,"53.49"
"sheydos","M3 Champions","Sova",86,46,"53.49"
"Fung3","Griffin E-Sports","Killjoy",43,23,"53.49"
"Kishi","CERBERUS Esports (ex)","Chamber",43,23,"53.49"
"sheydos","M3 Champions (ex)","Sova",86,46,"53.49"
"Mistic","FNATIC (ex)","Viper",43,23,"53.49"
"SUYGETSU","FunPlus Phoenix (ex)","Cypher",232,124,"53.45"
"ScreaM","Team Liquid (ex)","KAY/O",58,31,"53.45"
"LEXY","Bleed Esports (ex)","Breach",148,79,"53.38"
"LEXY","Bleed Esports (ex)","Breach",148,79,"53.38"
"Phantom","FAV gaming","KAY/O",60,32,"53.33"
"LEXY","Bleed Esports (ex)","Skye",60,32,"53.33"
"LEXY","Bleed Esports (ex)","Skye",60,32,"53.33"
"Felix","HolyMolly (ex)","Sova",45,24,"53.33"
"SugarZ3ro","ZETA DIVISION","Viper",30,16,"53.33"
"Sayf","Guild Esports (ex)","Cypher",30,16,"53.33"
"Fung3","Griffin E-Sports","Breach",45,24,"53.33"
"Lmemore","Onic Esports (ex)","Sova",45,24,"53.33"
"baddyG","FunPlus Phoenix (ex)","Omen",30,16,"53.33"
"mada","Luminosity Gaming (ex)","Raze",122,65,"53.28"
"ableJ","FURIA (ex)","KAY/O",139,74,"53.24"
"BerserX","BOOM Esports","Raze",47,25,"53.19"
"Melser","Leviatán (ex)","Omen",47,25,"53.19"
"Puleule","9z Team","Astra",47,25,"53.19"
"crow","ZETA DIVISION","Breach",205,109,"53.17"
"Dep","ZETA DIVISION","Jett",143,76,"53.15"
"Kaminari","Hexad (ex)","Sage",32,17,"53.13"
"aspas","LOUD","Neon",32,17,"53.13"
"vong","FOKUS (ex)","Astra",32,17,"53.13"
"Sayf","Guild Esports (ex)","Killjoy",81,43,"53.09"
"wippie","Version1 (Inactive) (ex)","Sage",49,26,"53.06"
"k1Ng","On Sla2ers (ex)","Killjoy",215,114,"53.02"
"Mistic","FNATIC (ex)","Breach",149,79,"53.02"
"Kadoom","Made in Thailand","Jett",34,18,"52.94"
"neth","Crazy Raccoon","KAY/O",85,45,"52.94"
"deLb","Alter Ego","Raze",34,18,"52.94"
"Kush","Alter Ego","KAY/O",68,36,"52.94"
"NcSlasher","Onic Esports (ex)","KAY/O",174,92,"52.87"
"Mizu","9z Team","Fade",70,37,"52.86"
"Cloud","Natus Vincere (ex)","Skye",70,37,"52.86"
"Shao","FunPlus Phoenix (ex)","Astra",142,75,"52.82"
"koldamenta","Guild Esports","Brimstone",89,47,"52.81"
"ardiis","FunPlus Phoenix (ex)","Chamber",197,104,"52.79"
"s0m","NRG Esports","Yoru",36,19,"52.78"
"Dualing","Storks Phalanx (ex)","Skye",72,38,"52.78"
"Kush","Alter Ego","Fade",72,38,"52.78"
"Redgar","M3 Champions (ex)","KAY/O",72,38,"52.78"
"Redgar","M3 Champions","KAY/O",72,38,"52.78"
"Famouz","BOOM Esports (ex)","KAY/O",36,19,"52.78"
"soulcas","Team Liquid","Neon",127,67,"52.76"
"soulcas","Team Liquid","KAY/O",91,48,"52.75"
"d4v41","Paper Rex","Fade",110,58,"52.73"
"Kongared","Made in Thailand","Skye",129,68,"52.71"
"Nivera","Team Liquid (ex)","Killjoy",74,39,"52.70"
"sushiboys","XERXIA Esports (ex)","Chamber",74,39,"52.70"
"Jonn","Ninjas in Pyjamas (ex)","Jett",167,88,"52.69"
"fl1pzjder","BOOM Esports (ex)","Killjoy",112,59,"52.68"
"Dep","ZETA DIVISION","Sage",150,79,"52.67"
"mazin","FURIA","Sage",95,50,"52.63"
"Boo","OG LDN UTD (ex)","Omen",76,40,"52.63"
"Xandrite","NORTHEPTION (ex)","Astra",38,20,"52.63"
"AvovA","G2 Esports (Inactive) (ex)","Omen",152,80,"52.63"
"mwzera","Keyd Stars (ex)","Raze",310,163,"52.58"
"Exy","DAMWON Gaming","Sage",59,31,"52.54"
"f0rsakeN","Paper Rex","Jett",158,83,"52.53"
"hype","OG LDN UTD (ex)","Sage",40,21,"52.50"
"sushiboys","XERXIA Esports (ex)","Cypher",164,86,"52.44"
"WIX","Maru Gaming (ex)","KAY/O",164,86,"52.44"
"nAts","M3 Champions (ex)","Cypher",166,87,"52.41"
"nAts","M3 Champions (ex)","Cypher",166,87,"52.41"
"AYRIN","XSET (ex)","Killjoy",147,77,"52.38"
"Less","LOUD","Viper",151,79,"52.32"
"eeiu","NRG Esports (ex)","Sova",65,34,"52.31"
"BABYBAY","FaZe Clan","Neon",371,194,"52.29"
"Cryocells","XSET (ex)","Jett",241,126,"52.28"
"Mistic","FNATIC (ex)","Astra",44,23,"52.27"
"JonahP","The Guard","Sage",157,82,"52.23"
"HANN","World Game Star","Chamber",115,60,"52.17"
"Dep","ZETA DIVISION","Fade",46,24,"52.17"
"tehbotol","BOOM Esports (ex)","Breach",92,48,"52.17"
"Sylvan","World Game Star","Brimstone",46,24,"52.17"
"Keria","Spear Gaming","KAY/O",46,24,"52.17"
"poised","FaZe Clan","KAY/O",282,147,"52.13"
"Victor","OpTic Gaming (ex)","Neon",610,318,"52.13"
"Jady","Natus Vincere (ex)","KAY/O",142,74,"52.11"
"Ssun","Spear Gaming (ex)","Jett",144,75,"52.08"
"dazzLe","Luminosity Gaming (ex)","Sage",48,25,"52.08"
"Swee","IXA","Jett",48,25,"52.08"
"vaiZ","Leviatán (ex)","Killjoy",98,51,"52.04"
"Delend","Made in Thailand (ex)","Astra",100,52,"52.00"
"matheuzin","TBK Esports","Viper",154,80,"51.95"
"maxie","Bleed Esports (ex)","Omen",314,163,"51.91"
"Melser","Leviatán (ex)","Brimstone",54,28,"51.85"
"Benkai","Paper Rex","Cypher",303,157,"51.82"
"Shao","FunPlus Phoenix (ex)","Sova",139,72,"51.80"
"Bangnan","Team T5 (ex)","Jett",29,15,"51.72"
"dephh","XSET (ex)","Breach",118,61,"51.69"
"Jonn","Ninjas in Pyjamas (ex)","Sage",120,62,"51.67"
"godko","Desperado (ex)","Sova",60,31,"51.67"
"NiSMO","Ghost Gaming (ex)","KAY/O",151,78,"51.66"
"Jonn","Ninjas in Pyjamas (ex)","KAY/O",91,47,"51.65"
"zennakukinn","BLUE BEES.ESP (ex)","Skye",91,47,"51.65"
"JhoW","Keyd Stars (ex)","Killjoy",91,47,"51.65"
"ANGE1","FunPlus Phoenix (ex)","Fade",153,79,"51.63"
"HANN","World Game Star","Jett",62,32,"51.61"
"kon4n","TBK Esports (ex)","Raze",62,32,"51.61"
"B4nnba","Pentagon","Chamber",93,48,"51.61"
"Rainy","Griffin E-Sports","Skye",62,32,"51.61"
"keznit","KRÜ Esports (ex)","Raze",161,83,"51.55"
"xand","Ninjas in Pyjamas (ex)","Chamber",66,34,"51.52"
"krain","Liberty","Sova",33,17,"51.52"
"dinkzj","Natus Vincere (ex)","Killjoy",101,52,"51.49"
"DubsteP","Team Secret","Jett",134,69,"51.49"
"JonahP","The Guard","Brimstone",68,35,"51.47"
"ScreaM","Team Liquid (ex)","Phoenix",171,88,"51.46"
"Jeong Hi","Maru Gaming (ex)","Brimstone",103,53,"51.46"
"Jamppi","Team Liquid","Chamber",243,125,"51.44"
"Victor","OpTic Gaming (ex)","KAY/O",255,131,"51.37"
"Benecia","CNJ Esports","Omen",76,39,"51.32"
"ryotzz","TBK Esports","Sova",76,39,"51.32"
"tex","NRG Esports (ex)","Sage",39,20,"51.28"
"Boaster","FNATIC","Astra",156,80,"51.28"
"frostmind","BOOM Esports (ex)","Killjoy",39,20,"51.28"
"Hate","Jadeite (ex)","Chamber",39,20,"51.28"
"MONSTEERR","Acend (ex)","Viper",39,20,"51.28"
"Shyy","Leviatán","Fade",82,42,"51.22"
"vickt0r","Movistar Optix","Viper",41,21,"51.22"
"Sacy","LOUD (ex)","Breach",82,42,"51.22"
"pleets","Los Grandes","Astra",125,64,"51.20"
"ChAlalala","FULL SENSE (ex)","Chamber",43,22,"51.16"
"dapr","Sentinels (ex)","Chamber",43,22,"51.16"
"Jady","M3 Champions","Skye",43,22,"51.16"
"adverso","Leviatán (ex)","Sage",43,22,"51.16"
"sheydos","M3 Champions (ex)","Sage",262,134,"51.15"
"sheydos","M3 Champions","Sage",262,134,"51.15"
"neptune","Rise (ex)","KAY/O",90,46,"51.11"
"Saadhak","LOUD","Viper",45,23,"51.11"
"Alfajer","FNATIC","Viper",45,23,"51.11"
"axeLuvY","Alter Ego (ex)","Brimstone",135,69,"51.11"
"hellff","Velocity Gaming","Chamber",47,24,"51.06"
"shion","Liberty (ex)","Breach",47,24,"51.06"
"Retla","Bleed Esports (ex)","Killjoy",49,25,"51.02"
"Rossy","TSM (ex)","Viper",51,26,"50.98"
"Meddo","G2 Esports (Inactive) (ex)","Killjoy",316,161,"50.95"
"Benkai","Paper Rex","Breach",159,81,"50.94"
"HANLING","9z Team (ex)","Breach",106,54,"50.94"
"Kongared","Made in Thailand","KAY/O",159,81,"50.94"
"Ethan","NRG Esports (ex)","Skye",106,54,"50.94"
"f1cio","Fancy United Esports","Omen",57,29,"50.88"
"Suka","Fancy United Esports (ex)","Fade",57,29,"50.88"
"sScary","XERXIA Esports (ex)","Astra",340,173,"50.88"
"Nivera","Team Liquid (ex)","Cypher",175,89,"50.86"
"Luke","World Game Star","Reyna",179,91,"50.84"
"Boostio","Evil Geniuses","Chamber",63,32,"50.79"
"Minimise","Bonkers(OCE) (ex)","Skye",63,32,"50.79"
"axeLuvY","Alter Ego (ex)","Omen",65,33,"50.77"
"dapr","Sentinels (ex)","Fade",69,35,"50.72"
"heat","Keyd Stars (ex)","Chamber",286,145,"50.70"
"Fuzari","Gamelanders Blue (ex)","Viper",75,38,"50.67"
"Flynch","Persija Esports (ex)","Jett",79,40,"50.63"
"Hyzee","Fancy United Esports (ex)","Omen",83,42,"50.60"
"BlackWiz","NORTHEPTION","Viper",83,42,"50.60"
"diewijAs","PAMPAS (ex)","Cypher",89,45,"50.56"
"GOLD","Desperado (ex)","Astra",89,45,"50.56"
"hype","OG LDN UTD (ex)","Cypher",93,47,"50.54"
"Cryocells","XSET (ex)","Chamber",198,100,"50.51"
"Nozwerr","FURIA (ex)","Killjoy",99,50,"50.51"
"mixwell","G2 Esports (Inactive) (ex)","Neon",103,52,"50.49"
"trexx","Guild Esports","KAY/O",103,52,"50.49"
"Xeppaa","Cloud9","KAY/O",109,55,"50.46"
"matheuzin","TBK Esports","Killjoy",111,56,"50.45"
"tuyz","TBK Esports (ex)","Jett",111,56,"50.45"
"BABYBAY","FaZe Clan","Jett",133,67,"50.38"
"lukzera","TBK Esports","Astra",143,72,"50.35"
"Chronicle","M3 Champions (ex)","Chamber",349,175,"50.14"
"Chronicle","M3 Champions (ex)","Chamber",349,175,"50.14"
"Phantom","FAV gaming","Cypher",50,25,"50.00"
"SEIDER","FunPlus Phoenix (si)","Sage",44,22,"50.00"
"hazed","NRG Esports (ex)","Brimstone",42,21,"50.00"
"Majestyy","FW Esports","Breach",46,23,"50.00"
"FNS","OpTic Gaming (ex)","Viper",42,21,"50.00"
"Nexi","Rex Regum Qeon (ex)","Cypher",34,17,"50.00"
"DOGAO","Movistar Optix","Cypher",42,21,"50.00"
"Surf","XERXIA Esports (ex)","Chamber",56,28,"50.00"
"Lakia","IGZIST (ex)","Sova",34,17,"50.00"
"JonahP","The Guard","Viper",52,26,"50.00"
"Asuna","100 Thieves","Sage",46,23,"50.00"
"JonahP","The Guard","Omen",74,37,"50.00"
"vickt0r","Movistar Optix","Sova",42,21,"50.00"
"Puleule","9z Team","Omen",60,30,"50.00"
"Xander","FUSION","Jett",64,32,"50.00"
"Laz","ZETA DIVISION","Killjoy",60,30,"50.00"
"Dcop","FUSION","Reyna",40,20,"50.00"
"pANcada","LOUD (ex)","Astra",58,29,"50.00"
"HANLING","9z Team (ex)","KAY/O",76,38,"50.00"
"skyeSG","No Namers (ex)","Omen",42,21,"50.00"
"Exy","DAMWON Gaming","Killjoy",42,21,"50.00"
"Will","100 Thieves (ex)","Chamber",40,20,"50.00"
"eKo","Reignite (ex)","Sova",84,42,"50.00"
"kon4n","TBK Esports (ex)","Sage",100,50,"50.00"
"frostmind","BOOM Esports (ex)","Cypher",64,32,"50.00"
"JinboongE","HolyMolly (ex)","KAY/O",148,74,"50.00"
"wippie","Version1 (Inactive) (ex)","Chamber",50,25,"50.00"
"jawgemo","Evil Geniuses","KAY/O",50,25,"50.00"
"ableJ","FURIA (ex)","Skye",52,26,"50.00"
"Bangnan","Team T5 (ex)","Reyna",106,53,"50.00"
"NoriseN","REJECT (ex)","Breach",56,28,"50.00"
"bdog","Luminosity Gaming (ex)","Sage",70,35,"50.00"
"Leo","Guild Esports (ex)","KAY/O",50,25,"50.00"
"NakJi","Maru Gaming (ex)","Chamber",423,211,"49.88"
"SugarZ3ro","ZETA DIVISION","Astra",536,267,"49.81"
"crws","XERXIA Esports (ex)","Breach",203,101,"49.75"
"Fuzari","Gamelanders Blue (ex)","Cypher",129,64,"49.61"
"trent","The Guard","Skye",119,59,"49.58"
"AYRIN","XSET (ex)","Sage",87,43,"49.43"
"zunba","On Sla2ers (ex)","Astra",174,86,"49.43"
"Jonn","Ninjas in Pyjamas (ex)","Reyna",326,161,"49.39"
"mindfreak","Paper Rex","Omen",160,79,"49.38"
"Quick","FURIA","Chamber",156,77,"49.36"
"Moose","Luminosity Gaming (ex)","Cypher",270,133,"49.26"
"Mistic","FNATIC (ex)","Omen",67,33,"49.25"
"Dispenser","Team Secret","Killjoy",132,65,"49.24"
"Cloud","Natus Vincere (ex)","KAY/O",65,32,"49.23"
"RHZ","Keyd Stars (ex)","Breach",128,63,"49.22"
"nukkye","G2 Esports (Inactive) (ex)","Sova",126,62,"49.21"
"Victor","OpTic Gaming (ex)","Phoenix",63,31,"49.21"
"Zyppan","FunPlus Phoenix (ex)","KAY/O",309,152,"49.19"
"rDeeW","ORDER (ex)","KAY/O",61,30,"49.18"
"GODLIKE","World Game Star (ex)","KAY/O",59,29,"49.15"
"BuZz","DRX","Jett",161,79,"49.07"
"T3xture","DAMWON Gaming (ex)","Raze",159,78,"49.06"
"wyz","FUSION","Omen",47,23,"48.94"
"poem","IGZIST","Breach",94,46,"48.94"
"gMd","TSM (ex)","Astra",45,22,"48.89"
"frz","Sharks Esports (ex)","Cypher",45,22,"48.89"
"ryota-","SCARZ (ex)","Sova",45,22,"48.89"
"Feniz","E-Xolos LAZER","Sova",43,21,"48.84"
"Boaster","FNATIC","Omen",129,63,"48.84"
"BP","Veronica7","Breach",43,21,"48.84"
"mNdS","MIBR (ex)","Omen",43,21,"48.84"
"nAts","M3 Champions (ex)","Astra",252,123,"48.81"
"nAts","M3 Champions (ex)","Astra",252,123,"48.81"
"Exy","DAMWON Gaming","Chamber",82,40,"48.78"
"jfoen","E-Xolos LAZER","KAY/O",82,40,"48.78"
"sheydos","M3 Champions (ex)","KAY/O",240,117,"48.75"
"sheydos","M3 Champions","KAY/O",240,117,"48.75"
"FNS","OpTic Gaming (ex)","KAY/O",119,58,"48.74"
"SiuFatBB","Griffin E-Sports","Neon",39,19,"48.72"
"Reita","REJECT (ex)","Sova",39,19,"48.72"
"HaReeee","REJECT (ex)","KAY/O",39,19,"48.72"
"YRSelect","Griffin E-Sports (si)","Omen",39,19,"48.72"
"koldamenta","Guild Esports","Omen",115,56,"48.70"
"xnfri","NORTHEPTION (ex)","Skye",144,70,"48.61"
"Meddo","G2 Esports (Inactive) (ex)","Cypher",107,52,"48.60"
"Nivera","Team Liquid (ex)","Viper",35,17,"48.57"
"Destrian","LDN UTD (ex)","Breach",103,50,"48.54"
"Dep","ZETA DIVISION","Viper",101,49,"48.51"
"aimDLL","BBL Esports","Breach",101,49,"48.51"
"Sylvan","World Game Star","Omen",235,114,"48.51"
"GodDead","On Sla2ers","Raze",33,16,"48.48"
"noxxy","Alter Ego (si)","Skye",97,47,"48.45"
"Kush","Alter Ego","Cypher",97,47,"48.45"
"Munchkin","Crazy Raccoon (ex)","Jett",64,31,"48.44"
"hazed","NRG Esports (ex)","Omen",128,62,"48.44"
"poised","FaZe Clan","Skye",93,45,"48.39"
"vakk","Acend","Fade",62,30,"48.39"
"ryotzz","TBK Esports","Skye",120,58,"48.33"
"mitch","Cloud9 (ex)","Sage",60,29,"48.33"
"Nozwerr","FURIA (ex)","Viper",60,29,"48.33"
"JessieVash","Team Secret","Sova",120,58,"48.33"
"feqew","OG LDN UTD (ex)","Chamber",120,58,"48.33"
"Jamppi","Team Liquid","Breach",89,43,"48.31"
"AloNeFillz","Made in Thailand","Sova",87,42,"48.28"
"Munchkin","Crazy Raccoon (ex)","Reyna",58,28,"48.28"
"murizzz","Keyd Stars (ex)","Sage",197,95,"48.22"
"Turko","BBL Esports","Sova",56,27,"48.21"
"leaf","Cloud9","Raze",112,54,"48.21"
"Jonn","Ninjas in Pyjamas (ex)","Fade",83,40,"48.19"
"soulcas","Team Liquid","Astra",220,106,"48.18"
"DubsteP","Team Secret","KAY/O",81,39,"48.15"
"kon4n","TBK Esports (ex)","Skye",81,39,"48.15"
"zekken","XSET (ex)","Neon",106,51,"48.11"
"f1cio","Fancy United Esports","Chamber",79,38,"48.10"
"sushiboys","XERXIA Esports (ex)","Fade",52,25,"48.08"
"Eeyore","Persija Esports","Killjoy",75,36,"48.00"
"Deryeon","Bleed Esports (ex)","Jett",175,84,"48.00"
"HellrangeR","Global Esports","Breach",50,24,"48.00"
"Secret","Desperado (ex)","KAY/O",75,36,"48.00"
"f0rsakeN","Paper Rex","Yoru",146,70,"47.95"
"Akame","Jadeite","Sage",73,35,"47.95"
"foxz","XERXIA Esports (ex)","Sage",48,23,"47.92"
"LucasVade","Meta Gaming (ex)","Cypher",48,23,"47.92"
"M4sh","EVA:e (ex)","Skye",48,23,"47.92"
"Victor","OpTic Gaming (ex)","Skye",46,22,"47.83"
"Famouz","Persija Esports (ex)","Raze",161,77,"47.83"
"flyuh","FaZe Clan (ex)","Breach",46,22,"47.83"
"mazin","FURIA","Skye",69,33,"47.83"
"PapiChulo","South Built Esports (ex)","Killjoy",46,22,"47.83"
"SicK","Sentinels (ex)","Skye",46,22,"47.83"
"gio","Movistar Optix","KAY/O",69,33,"47.83"
"dinkzj","Natus Vincere (ex)","Viper",46,22,"47.83"
"flyuh","FaZe Clan (ex)","Sova",115,55,"47.83"
"Redgar","M3 Champions","Sova",228,109,"47.81"
"Redgar","M3 Champions (ex)","Sova",228,109,"47.81"
"Daveeys","E-Xolos LAZER (ex)","Chamber",136,65,"47.79"
"Tuli","9z Team (si)","Raze",90,43,"47.78"
"stellar","100 Thieves","Killjoy",88,42,"47.73"
"KuuKai","Crest Gaming ZST (ex)","Skye",88,42,"47.73"
"Boo","OG LDN UTD (ex)","Astra",44,21,"47.73"
"Duno","Natus Vincere (ex)","Fade",109,52,"47.71"
"GwangUh","Maru Gaming (ex)","Astra",107,51,"47.66"
"FNS","OpTic Gaming (ex)","Killjoy",149,71,"47.65"
"ableJ","FURIA (ex)","Sage",42,20,"47.62"
"f0rsakeN","Paper Rex","Chamber",42,20,"47.62"
"Will","100 Thieves (ex)","Jett",63,30,"47.62"
"akashi","CERBERUS Esports (ex)","Fade",63,30,"47.62"
"XiSTOU","SuperMassive (ex)","Killjoy",105,50,"47.62"
"BerserX","BOOM Esports","Neon",124,59,"47.58"
"SEVERiNE","Onic Esports (ex)","KAY/O",82,39,"47.56"
"murizzz","Keyd Stars (ex)","KAY/O",122,58,"47.54"
"aimDLL","BBL Esports","Astra",61,29,"47.54"
"Minty","FAV gaming","Chamber",40,19,"47.50"
"tuyz","TBK Esports (ex)","Chamber",120,57,"47.50"
"Den2","Spear Gaming (ex)","Skye",40,19,"47.50"
"Rainy","Griffin E-Sports","Fade",40,19,"47.50"
"Sayf","Guild Esports (ex)","Jett",158,75,"47.47"
"Meiy","Crazy Raccoon","Reyna",59,28,"47.46"
"Jonn","Ninjas in Pyjamas (ex)","Neon",276,131,"47.46"
"Meteor","NORTHEPTION (ex)","Neon",78,37,"47.44"
"Russ","Guild Esports (ex)","Skye",133,63,"47.37"
"cNed","Acend (ex)","Sage",57,27,"47.37"
"bdog","Luminosity Gaming (ex)","Jett",95,45,"47.37"
"supamen","FaZe Clan","Omen",57,27,"47.37"
"bezn1","Ninjas in Pyjamas (ex)","Omen",76,36,"47.37"
"gustt1nha","Los Grandes (ex)","Fade",148,70,"47.30"
"TS","On Sla2ers (ex)","Skye",55,26,"47.27"
"neth","Crazy Raccoon","Omen",110,52,"47.27"
"LOB","FAV gaming","Sage",91,43,"47.25"
"jawgemo","Evil Geniuses","Fade",36,17,"47.22"
"Boostio","Evil Geniuses","Phoenix",36,17,"47.22"
"SeolHo","Spear Gaming (ex)","KAY/O",36,17,"47.22"
"YaBoiDre","Evil Geniuses (ex)","Chamber",72,34,"47.22"
"Kakarot","NAOS Esports","KAY/O",36,17,"47.22"
"C0M","Evil Geniuses","Killjoy",36,17,"47.22"
"nephh","Gaimin Gladiators (ex)","Breach",36,17,"47.22"
"cNed","Acend (ex)","Chamber",125,59,"47.20"
"Witz","Team Secret (ex)","Chamber",89,42,"47.19"
"Exy","DAMWON Gaming","Astra",172,81,"47.09"
"Asuna","100 Thieves","KAY/O",34,16,"47.06"
"zeek","Acend (ex)","KAY/O",153,72,"47.06"
"leonzhett","PAMPAS (ex)","Sova",68,32,"47.06"
"Nizzy","Fancy United Esports","Chamber",34,16,"47.06"
"dimasick","Team Liquid","Brimstone",83,39,"46.99"
"trent","The Guard","Sova",83,39,"46.99"
"tex","NRG Esports (ex)","Chamber",149,70,"46.98"
"pdr","INGAMING Esports (ex)","Skye",66,31,"46.97"
"kiNgg","Leviatán","Raze",115,54,"46.96"
"CTC","Los Grandes (ex)","Raze",81,38,"46.91"
"Tio","Movistar Optix","Astra",162,76,"46.91"
"KuuKai","Crest Gaming ZST (ex)","Chamber",32,15,"46.88"
"Moose","Shopify Rebellion","Brimstone",32,15,"46.88"
"Xeppaa","Cloud9","Sage",32,15,"46.88"
"chase","Gamelanders Blue (ex)","Raze",32,15,"46.88"
"GangPin","Sengoku Gaming (ex)","Neon",32,15,"46.88"
"Destrian","OG LDN UTD (ex)","Brimstone",32,15,"46.88"
"dazzLe","Shopify Rebellion","Breach",32,15,"46.88"
"Jamppi","Team Liquid","Omen",64,30,"46.88"
"Brinks","Gamelanders Blue (si)","Skye",32,15,"46.88"
"mada","Shopify Rebellion","Neon",32,15,"46.88"
"TiGG","Shopify Rebellion (ex)","KAY/O",32,15,"46.88"
"NakJi","Maru Gaming (ex)","Raze",124,58,"46.77"
"curry","Cloud9 (ex)","Viper",77,36,"46.75"
"Leo","Guild Esports (ex)","Sova",154,72,"46.75"
"zekken","XSET (ex)","Sova",30,14,"46.67"
"WIX","Maru Gaming (ex)","Skye",60,28,"46.67"
"Cloud","Natus Vincere (ex)","Sage",30,14,"46.67"
"Apoth","Evil Geniuses","Astra",60,28,"46.67"
"b3ta","Made in Thailand","Omen",30,14,"46.67"
"deLb","Alter Ego","Jett",30,14,"46.67"
"RgLMeister","Keyd Stars (ex)","Brimstone",45,21,"46.67"
"aimDLL","BBL Esports","Brimstone",30,14,"46.67"
"10X","HolyMolly (ex)","Raze",30,14,"46.67"
"SungJin","CNJ Esports (ex)","Reyna",60,28,"46.67"
"Esperanza","DAMWON Gaming","Skye",88,41,"46.59"
"C0M","Evil Geniuses","Sova",73,34,"46.58"
"Surf","XERXIA Esports (ex)","Jett",320,149,"46.56"
"Jamppi","Team Liquid","Sage",58,27,"46.55"
"AsLanM4shadoW","BBL Esports","Reyna",43,20,"46.51"
"Sushi","EBRO Gaming (ex)","Cypher",43,20,"46.51"
"FREY","Gaimin Gladiators (ex)","Chamber",43,20,"46.51"
"Meddo","G2 Esports (Inactive) (ex)","Breach",86,40,"46.51"
"Tuli","Movistar Optix (ex)","Reyna",43,20,"46.51"
"sScary","XERXIA Esports (ex)","Omen",43,20,"46.51"
"gMd","TSM (ex)","Fade",28,13,"46.43"
"Obnoks","BIG (ex)","Skye",84,39,"46.43"
"2GE","Rex Regum Qeon","Fade",28,13,"46.43"
"corey","TSM (ex)","Jett",28,13,"46.43"
"Nexi","Rex Regum Qeon (ex)","Killjoy",28,13,"46.43"
"Draxii","Rex Regum Qeon (ex)","Omen",28,13,"46.43"
"SicK","Sentinels (ex)","KAY/O",28,13,"46.43"
"mazin","FURIA","Omen",28,13,"46.43"
"jawgemo","Evil Geniuses","Neon",28,13,"46.43"
"tixx","Bonkers(OCE) (ex)","Astra",28,13,"46.43"
"Moves","Team T5 (ex)","Sova",69,32,"46.38"
"trent","The Guard","Fade",110,51,"46.36"
"SEIDER","FunPlus Phoenix (si)","Viper",41,19,"46.34"
"JessieVash","Team Secret","Fade",41,19,"46.34"
"Pay","Veronica7 (ex)","Raze",41,19,"46.34"
"TENSAI","FENNEL (ex)","Skye",41,19,"46.34"
"vakk","Acend","Breach",41,19,"46.34"
"AslaN","BIG (ex)","Omen",41,19,"46.34"
"prince","Los Grandes (ex)","Breach",108,50,"46.30"
"jawgemo","Evil Geniuses","Jett",121,56,"46.28"
"Jeong Hi","DAMWON Gaming (ex)","Astra",67,31,"46.27"
"killua","FW Esports","Neon",67,31,"46.27"
"mitch","Cloud9 (ex)","Killjoy",93,43,"46.24"
"TenZ","Sentinels","Jett",199,92,"46.23"
"FNS","OpTic Gaming (ex)","Fade",199,92,"46.23"
"kon4n","TBK Esports (ex)","Neon",65,30,"46.15"
"pr0xy","Spear Gaming (ex)","Skye",26,12,"46.15"
"Fuzari","Gamelanders Blue (ex)","Chamber",26,12,"46.15"
"HANLING","9z Team (ex)","Jett",65,30,"46.15"
"bnj","Ninjas in Pyjamas (ex)","Brimstone",26,12,"46.15"
"SEVERiNE","Onic Esports (ex)","Omen",26,12,"46.15"
"柳ヶ瀬鈴乃","IXA (ex)","Sova",26,12,"46.15"
"Zellsis","Version1 (Inactive) (ex)","Breach",26,12,"46.15"
"skuba","Knights (ex)","Astra",26,12,"46.15"
"deigara","9z Team","Killjoy",26,12,"46.15"
"pyth","Bleed Esports (ex)","Chamber",39,18,"46.15"
"Reformed","Evil Geniuses","Brimstone",26,12,"46.15"
"Derialy","NORTHEPTION","Killjoy",104,48,"46.15"
"liazzi","Liberty","Raze",130,60,"46.15"
"AslaN","BIG (ex)","Viper",26,12,"46.15"
"bezn1","Ninjas in Pyjamas (ex)","Fade",26,12,"46.15"
"david","PAMPAS (ex)","Jett",39,18,"46.15"
"Wenty","GoNGo Prince (ex)","Chamber",26,12,"46.15"
"AsLanM4shadoW","BBL Esports","Sage",26,12,"46.15"
"Leazo","9z Team","Omen",52,24,"46.15"
"jzz","MIBR","Neon",65,30,"46.15"
"Haodong","EDward Gaming","Skye",26,12,"46.15"
"Creative","GoNGo Prince","Sova",26,12,"46.15"
"BcJ","XSET (ex)","Sage",26,12,"46.15"
"SUTHER","9z Team (ex)","Reyna",26,12,"46.15"
"zeddy","Natus Vincere (ex)","Omen",115,53,"46.09"
"gtnziN","MIBR (ex)","KAY/O",102,47,"46.08"
"Boo","OG LDN UTD (ex)","Sage",76,35,"46.05"
"L1NK","Team Liquid (ex)","Brimstone",63,29,"46.03"
"ScreaM","Team Liquid (ex)","Skye",63,29,"46.03"
"matheuzin","TBK Esports","Chamber",50,23,"46.00"
"Jamppi","Team Liquid","Skye",87,40,"45.98"
"murizzz","Keyd Stars (ex)","Chamber",85,39,"45.88"
"ringring","CNJ Esports","Sova",24,11,"45.83"
"hyouka","Reignite","Breach",24,11,"45.83"
"侵略者","ややーず","Sage",24,11,"45.83"
"Starxo","Acend","Fade",24,11,"45.83"
"mixwell","G2 Esports (Inactive) (ex)","Sage",24,11,"45.83"
"Bazzi","On Sla2ers (ex)","Skye",24,11,"45.83"
"Quick","FURIA","Skye",24,11,"45.83"
"nukkye","G2 Esports (Inactive) (ex)","Chamber",24,11,"45.83"
"Kakarot","NAOS Esports","Neon",24,11,"45.83"
"AsLanM4shadoW","BBL Esports","Astra",24,11,"45.83"
"neptune","Rise (ex)","Raze",24,11,"45.83"
"foxz","XERXIA Esports (ex)","Phoenix",24,11,"45.83"
"dapr","Sentinels (ex)","Killjoy",48,22,"45.83"
"Smoggy","EDward Gaming","KAY/O",24,11,"45.83"
"L1NK","Acend (ex)","Omen",24,11,"45.83"
"DubsteP","Team Secret","Raze",24,11,"45.83"
"DubsteP","Team Secret","Yoru",24,11,"45.83"
"Retla","Bleed Esports (ex)","Skye",24,11,"45.83"
"Jremy","Team Secret","Fade",24,11,"45.83"
"BABYBAY","FaZe Clan","Chamber",24,11,"45.83"
"kellyS","Rex Regum Qeon (ex)","Jett",24,11,"45.83"
"SicK","Sentinels (ex)","Omen",24,11,"45.83"
"Duno","Natus Vincere (ex)","Omen",48,22,"45.83"
"sScary","XERXIA Esports (ex)","Viper",24,11,"45.83"
"hatty","ややーず (ex)","Cypher",24,11,"45.83"
"jawgemo","Evil Geniuses","Chamber",24,11,"45.83"
"Pooky","CNJ Esports (ex)","Killjoy",24,11,"45.83"
"Wavy","CNJ Esports","Breach",24,11,"45.83"
"CHICHOO","EDward Gaming","Viper",24,11,"45.83"
"shion","Liberty (ex)","Fade",24,11,"45.83"
"Medusa","REJECT (ex)","Fade",24,11,"45.83"
"Zellsis","Sentinels (ex)","KAY/O",24,11,"45.83"
"BandiCoot","E-Xolos LAZER","Astra",24,11,"45.83"
"FifTy","DeToNator","Cypher",24,11,"45.83"
"Chronicle","M3 Champions (ex)","Raze",48,22,"45.83"
"Wavy","CNJ Esports","Fade",24,11,"45.83"
"myssen","Liberty","Fade",24,11,"45.83"
"zeddy","Natus Vincere (ex)","Viper",24,11,"45.83"
"Chronicle","M3 Champions (ex)","Raze",48,22,"45.83"
"frostmind","BOOM Esports (ex)","Brimstone",24,11,"45.83"
"Dhimorutoo","Reignite (ex)","Brimstone",24,11,"45.83"
"krain","Liberty","Chamber",24,11,"45.83"
"liazzi","Liberty","Neon",24,11,"45.83"
"Yacine","Guild Esports","Jett",24,11,"45.83"
"trexx","Guild Esports","Neon",24,11,"45.83"
"JessieVash","Team Secret","Breach",24,11,"45.83"
"Defectio","ややーず (ex)","Jett",24,11,"45.83"
"ShahZaM","Sentinels (ex)","Breach",24,11,"45.83"
"Brinks","Gamelanders Blue (si)","Fade",24,11,"45.83"
"gio","Movistar Optix","Reyna",24,11,"45.83"
"Quick","FURIA","Neon",24,11,"45.83"
"GLAB zey","NAOS Esports (ex)","Chamber",24,11,"45.83"
"SungJin","CNJ Esports (ex)","Jett",24,11,"45.83"
"Ethan","NRG Esports (ex)","Sova",24,11,"45.83"
"Hoody","G2 Esports (Inactive) (ex)","Neon",24,11,"45.83"
"Kr1stal","BLUE BEES.ESP (ex)","Skye",24,11,"45.83"
"Boostio","Evil Geniuses","Jett",24,11,"45.83"
"TenZ","Sentinels","Yoru",24,11,"45.83"
"xand","Ninjas in Pyjamas (ex)","KAY/O",24,11,"45.83"
"s0m","NRG Esports","Chamber",24,11,"45.83"
"Leo","Guild Esports (ex)","Viper",24,11,"45.83"
"gob b","BIG (ex)","Sage",24,11,"45.83"
"Boostio","Evil Geniuses","Cypher",48,22,"45.83"
"dinkzj","Natus Vincere (ex)","Fade",48,22,"45.83"
"s0m","NRG Esports","Omen",118,54,"45.76"
"Shyy","Leviatán","Skye",70,32,"45.71"
"Akame","Jadeite","Sova",35,16,"45.71"
"TENNN","ZETA DIVISION","Skye",81,37,"45.68"
"eeiu","NRG Esports (ex)","Fade",127,58,"45.67"
"Amaterasu","Velocity Gaming","KAY/O",92,42,"45.65"
"Moves","Team T5 (ex)","Raze",46,21,"45.65"
"wannafly","Made in Thailand","Killjoy",92,42,"45.65"
"Wenty","GoNGo Prince (ex)","Killjoy",46,21,"45.65"
"Hoody","G2 Esports (Inactive) (ex)","KAY/O",46,21,"45.65"
"Famouz","Persija Esports (ex)","Skye",46,21,"45.65"
"Twisten","BIG (ex)","Raze",103,47,"45.63"
"Marved","OpTic Gaming","Astra",366,167,"45.63"
"YaBoiLewis","FOKUS","KAY/O",68,31,"45.59"
"QutionerX","BBL Esports","Chamber",68,31,"45.59"
"foxz","XERXIA Esports (ex)","Sova",79,36,"45.57"
"DaeGi","Tartarus (ex)","Jett",112,51,"45.54"
"dinkzj","Natus Vincere (ex)","Cypher",112,51,"45.54"
"corey","TSM (ex)","Chamber",66,30,"45.45"
"effys","Version1 (Inactive) (ex)","Breach",44,20,"45.45"
"Hate","DAMWON Gaming (ex)","Breach",110,50,"45.45"
"asteriskk","Persija Esports","Brimstone",119,54,"45.38"
"hazed","NRG Esports (ex)","Astra",97,44,"45.36"
"noxxy","Alter Ego (si)","Chamber",75,34,"45.33"
"Zyppan","FunPlus Phoenix (ex)","Skye",64,29,"45.31"
"Cloud","Natus Vincere (ex)","Raze",64,29,"45.31"
"Bangnan","DAMWON Gaming (ex)","Chamber",64,29,"45.31"
"nukkye","G2 Esports (Inactive) (ex)","Raze",128,58,"45.31"
"keznit","KRÜ Esports (ex)","Chamber",53,24,"45.28"
"mazin","FURIA","Raze",95,43,"45.26"
"Luke","World Game Star","Killjoy",95,43,"45.26"
"TORANECO","BLUE BEES.ESP (ex)","Omen",42,19,"45.24"
"d3ffo","M3 Champions (ex)","KAY/O",84,38,"45.24"
"deigara","9z Team","Breach",84,38,"45.24"
"Medusa","REJECT (ex)","Killjoy",42,19,"45.24"
"FNS","OpTic Gaming (ex)","Breach",230,104,"45.22"
"HANLING","9z Team (ex)","Skye",73,33,"45.21"
"ban","Knights (ex)","Jett",62,28,"45.16"
"Secret","Desperado (ex)","Raze",113,51,"45.13"
"Moves","Maru Gaming (ex)","Breach",82,37,"45.12"
"murizzz","Keyd Stars (ex)","Neon",60,27,"45.00"
"ShahZaM","Sentinels (ex)","Sova",158,71,"44.94"
"godko","Desperado (ex)","Skye",49,22,"44.90"
"WIX","Maru Gaming (ex)","Chamber",116,52,"44.83"
"kon4n","TBK Esports (ex)","Breach",96,43,"44.79"
"fl1pzjder","BOOM Esports (ex)","Viper",67,30,"44.78"
"Asuna","100 Thieves","Raze",67,30,"44.78"
"Khalil","FURIA","Chamber",114,51,"44.74"
"Derrek","100 Thieves","Fade",76,34,"44.74"
"koldamenta","Guild Esports","Astra",170,76,"44.71"
"Alfajer","FNATIC","Sage",47,21,"44.68"
"Kongared","Made in Thailand","Breach",47,21,"44.68"
"XXiF","Knights (ex)","Sage",112,50,"44.64"
"blaZek1ng","BOOM Esports","Fade",65,29,"44.62"
"JUGi","FOKUS","Jett",83,37,"44.58"
"Turko","BBL Esports","Sage",110,49,"44.55"
"Bonecold","Acend (ex)","Brimstone",54,24,"44.44"
"pAura","BBL Esports (ex)","Cypher",36,16,"44.44"
"SEVERiNE","Onic Esports (ex)","Chamber",72,32,"44.44"
"SiuFatBB","Griffin E-Sports","Jett",36,16,"44.44"
"MAGNUM","FNATIC (ex)","Viper",99,44,"44.44"
"poised","Rise (ex)","Cypher",63,28,"44.44"
"dicey","FaZe Clan","Chamber",237,105,"44.30"
"Tuli","Movistar Optix (ex)","Jett",113,50,"44.25"
"AvovA","G2 Esports (Inactive) (ex)","Brimstone",52,23,"44.23"
"jzz","MIBR","Raze",43,19,"44.19"
"Maverick","Stars Horizon (ex)","Omen",43,19,"44.19"
"HaReeee","REJECT (ex)","Chamber",43,19,"44.19"
"JinboongE","Brimstone (ex)","Skye",43,19,"44.19"
"rion","Crazy Raccoon","Cypher",43,19,"44.19"
"tex","NRG Esports (ex)","KAY/O",68,30,"44.12"
"pyth","Bleed Esports (ex)","Cypher",59,26,"44.07"
"neT","The Guard","Viper",84,37,"44.05"
"myssen","Liberty","Breach",75,33,"44.00"
"Minty","FAV gaming","Skye",125,55,"44.00"
"NicoMachine","Meta Gaming (ex)","KAY/O",66,29,"43.94"
"Torrify","FUSION (ex)","Raze",66,29,"43.94"
"Destrian","OG LDN UTD (ex)","Fade",148,65,"43.92"
"fl1pzjder","BOOM Esports (ex)","Skye",41,18,"43.90"
"Exy","DAMWON Gaming","Skye",41,18,"43.90"
"Subroza","TSM (ex)","Skye",73,32,"43.84"
"Starxo","Acend","Neon",89,39,"43.82"
"Rain","CNJ Esports","Raze",112,49,"43.75"
"Klaus","KRÜ Esports","Sova",48,21,"43.75"
"Rabbet","Rex Regum Qeon","Fade",39,17,"43.59"
"TENSAI","FENNEL (ex)","Sage",39,17,"43.59"
"Fantasy","Team T5","Omen",177,77,"43.50"
"JitboyS","FW Esports (ex)","Chamber",23,10,"43.48"
"K1LLERS","Fancy United Esports (ex)","Jett",23,10,"43.48"
"Boo","LDN UTD (ex)","KAY/O",46,20,"43.48"
"Rossy","TSM (ex)","Sova",23,10,"43.48"
"Art","Sengoku Gaming (ex)","Brimstone",23,10,"43.48"
"Nivera","Team Liquid (ex)","Brimstone",23,10,"43.48"
"D1E","Movistar Optix","Astra",23,10,"43.48"
"Wonjina","Next eSports","Skye",23,10,"43.48"
"D1E","Meta Gaming (ex)","Sage",23,10,"43.48"
"ardiis","FunPlus Phoenix (ex)","Breach",23,10,"43.48"
"sushiboys","XERXIA Esports (ex)","Sova",23,10,"43.48"
"JhoW","Keyd Stars (ex)","Viper",23,10,"43.48"
"TenzouEz","DeToNator (ex)","Skye",23,10,"43.48"
"Estrella","Desperado (ex)","Viper",23,10,"43.48"
"curry","Cloud9 (ex)","Omen",23,10,"43.48"
"crws","XERXIA Esports (ex)","Astra",23,10,"43.48"
"MOLSI","LDN UTD (ex)","Raze",23,10,"43.48"
"Subroza","TSM (ex)","Astra",23,10,"43.48"
"Nozwerr","FURIA (ex)","KAY/O",23,10,"43.48"
"Brinks","Gamelanders Blue (si)","KAY/O",23,10,"43.48"
"Secret","Desperado (ex)","Skye",23,10,"43.48"
"luckeRRR","BIG (ex)","Omen",46,20,"43.48"
"mixwell","G2 Esports (Inactive) (ex)","KAY/O",46,20,"43.48"
"Kiuuuu","Oblivion Force","Killjoy",23,10,"43.48"
"luckeRRR","BIG (ex)","Omen",46,20,"43.48"
"TiGG","Shopify Rebellion (ex)","Sage",23,10,"43.48"
"Mistic","FNATIC (ex)","KAY/O",46,20,"43.48"
"Starxo","Acend","Omen",23,10,"43.48"
"Brofeld","Jadeite","Chamber",23,10,"43.48"
"pr0xy","Spear Gaming (ex)","Yoru",23,10,"43.48"
"Khalil","FURIA","Cypher",23,10,"43.48"
"v1xen","Keyd Stars (ex)","Astra",23,10,"43.48"
"zekken","XSET (ex)","Sage",46,20,"43.48"
"CHIMEI","Oblivion Force","Chamber",23,10,"43.48"
"popogachi","Crazy Raccoon","Skye",23,10,"43.48"
"trexx","Guild Esports","Chamber",23,10,"43.48"
"bmVz","Fancy United Esports (ex)","Skye",23,10,"43.48"
"FuriousMeow","Oblivion Force","Omen",23,10,"43.48"
"hsk","DetonatioN Gaming White","KAY/O",23,10,"43.48"
"DaeGi","Tartarus (si)","Raze",23,10,"43.48"
"wannafly","Made in Thailand","Sage",23,10,"43.48"
"Redgar","M3 Champions","Brimstone",46,20,"43.48"
"Astell","Crazy Raccoon","Astra",23,10,"43.48"
"Teerapong","FW Esports","Skye",46,20,"43.48"
"SylFy","Jadeite (ex)","Omen",23,10,"43.48"
"Redgar","M3 Champions (ex)","Brimstone",46,20,"43.48"
"Benecia","CNJ Esports","Astra",23,10,"43.48"
"mwzera","Keyd Stars (ex)","KAY/O",23,10,"43.48"
"musashi","BIG (ex)","Fade",23,10,"43.48"
"wippie","Version1 (Inactive) (ex)","Viper",23,10,"43.48"
"TENNN","ZETA DIVISION","Killjoy",23,10,"43.48"
"Has1ra14","CNJ Esports","Neon",23,10,"43.48"
"something","Sengoku Gaming","Chamber",23,10,"43.48"
"badsitoww","Meta Gaming (ex)","Reyna",23,10,"43.48"
"blaZek1ng","BOOM Esports","Omen",23,10,"43.48"
"shroud","Sentinels","Astra",23,10,"43.48"
"ParkJJong","Tartarus (si)","Fade",23,10,"43.48"
"fl1pzjder","BOOM Esports (ex)","Fade",23,10,"43.48"
"zennakukinn","BLUE BEES.ESP (ex)","Sage",23,10,"43.48"
"Meddo","G2 Esports (Inactive) (ex)","Sova",23,10,"43.48"
"Siro","looking for a name (ex)","Breach",23,10,"43.48"
"soulcas","Team Liquid","Breach",23,10,"43.48"
"chase","Gamelanders Blue (ex)","Sova",23,10,"43.48"
"Tuli","Movistar Optix (ex)","Neon",46,20,"43.48"
"Lawrence","GoNGo Prince","Reyna",23,10,"43.48"
"Sơn KeKe","Fancy United Esports (ex)","Viper",23,10,"43.48"
"L1NK","Acend (ex)","Skye",23,10,"43.48"
"Jady","Natus Vincere (ex)","Viper",23,10,"43.48"
"foxz","XERXIA Esports (ex)","Yoru",23,10,"43.48"
"Mazino","KRÜ Esports (ex)","Skye",76,33,"43.42"
"Chronicle","M3 Champions (ex)","Brimstone",194,84,"43.30"
"Chronicle","M3 Champions (ex)","Brimstone",194,84,"43.30"
"GwangUh","Tartarus (ex)","Breach",37,16,"43.24"
"QutionerX","BBL Esports","Neon",74,32,"43.24"
"roseaufy","Persija Esports","Sova",37,16,"43.24"
"SUTHER","9z Team (ex)","Killjoy",111,48,"43.24"
"YRSelect","Griffin E-Sports (si)","Astra",81,35,"43.21"
"Fuzari","Gamelanders Blue (ex)","Killjoy",44,19,"43.18"
"TiGG","Luminosity Gaming (ex)","Omen",132,57,"43.18"
"mada","Luminosity Gaming (ex)","Skye",95,41,"43.16"
"Sushi","EBRO Gaming (ex)","Killjoy",58,25,"43.10"
"valyn","The Guard (ex)","Omen",246,106,"43.09"
"valyn","The Guard","Omen",246,106,"43.09"
"bezn1","Ninjas in Pyjamas (ex)","KAY/O",144,62,"43.06"
"Obnoks","BIG (ex)","Chamber",56,24,"42.86"
"SUTHER","9z Team (ex)","Sage",35,15,"42.86"
"alyaL","CERBERUS Esports (ex)","Skye",42,18,"42.86"
"Khalil","FURIA","Reyna",49,21,"42.86"
"Derke","FNATIC","Jett",35,15,"42.86"
"Kanpeki","Sentinels (ex)","KAY/O",75,32,"42.67"
"Rain","CNJ Esports","KAY/O",68,29,"42.65"
"luckeRRR","BIG (ex)","Fade",122,52,"42.62"
"KimGyuTae","Desperado","Reyna",61,26,"42.62"
"luckeRRR","BIG (ex)","Fade",122,52,"42.62"
"Fung3","Griffin E-Sports","Chamber",61,26,"42.62"
"Jinggg","Paper Rex","KAY/O",47,20,"42.55"
"jcStani","100 Thieves (ex)","Chamber",47,20,"42.55"
"Leo","Guild Esports (ex)","Breach",47,20,"42.55"
"Holbreak","EBRO Gaming (ex)","Skye",188,80,"42.55"
"olzerr","PAMPAS (ex)","Omen",47,20,"42.55"
"prozin","Sharks Esports","Breach",40,17,"42.50"
"LEXY","Bleed Esports (si)","Breach",40,17,"42.50"
"ANGE1","FunPlus Phoenix (ex)","KAY/O",40,17,"42.50"
"AsLanM4shadoW","BBL Esports","Chamber",73,31,"42.47"
"crws","XERXIA Esports (ex)","KAY/O",106,45,"42.45"
"D1E","Movistar Optix","Killjoy",66,28,"42.42"
"Kr1stal","BLUE BEES.ESP (ex)","Chamber",59,25,"42.37"
"ANGE1","FunPlus Phoenix (ex)","Yoru",111,47,"42.34"
"BcJ","XSET (ex)","Sova",104,44,"42.31"
"Lok1","CERBERUS Esports (ex)","Astra",149,63,"42.28"
"shion","Liberty (ex)","KAY/O",45,19,"42.22"
"SkRossi","Global Esports","Chamber",45,19,"42.22"
"Feniz","E-Xolos LAZER","Killjoy",45,19,"42.22"
"Hiko","100 Thieves (ex)","Viper",45,19,"42.22"
"Delta","Maru Gaming (ex)","Breach",45,19,"42.22"
"jawgemo","Evil Geniuses","Raze",64,27,"42.19"
"Kishi","CERBERUS Esports (ex)","Breach",114,48,"42.11"
"Phantom","FAV gaming","Viper",57,24,"42.11"
"Vibhor","Velocity Gaming (ex)","Omen",69,29,"42.03"
"10X","HolyMolly (ex)","Brimstone",69,29,"42.03"
"supamen","FaZe Clan","Astra",81,34,"41.98"
"artn","Gaimin Gladiators (ex)","Omen",62,26,"41.94"
"david","PAMPAS (ex)","Raze",86,36,"41.86"
"RND","Los Grandes (ex)","Chamber",86,36,"41.86"
"chase","Gamelanders Blue (ex)","KAY/O",153,64,"41.83"
"bazz","FAV gaming","Astra",79,33,"41.77"
"JoXJo","NORTHEPTION (ex)","Breach",151,63,"41.72"
"10X","HolyMolly (ex)","Chamber",36,15,"41.67"
"WIX","Maru Gaming (ex)","Fade",36,15,"41.67"
"blaZek1ng","BOOM Esports","KAY/O",60,25,"41.67"
"BABYBAY","FaZe Clan","Raze",89,37,"41.57"
"Luke","World Game Star","Chamber",41,17,"41.46"
"Obnoks","BIG (ex)","Sage",41,17,"41.46"
"raafa","Liberty (ex)","Chamber",70,29,"41.43"
"v1nNy","Gamelanders Blue (ex)","Sova",46,19,"41.30"
"Nyang","Gamelanders Blue","Astra",68,28,"41.18"
"SungJin","Spear Gaming (ex)","Omen",85,35,"41.18"
"Hermes","HolyMolly (ex)","Jett",68,28,"41.18"
"Dreamas","Team Liquid (ex)","Breach",90,37,"41.11"
"SungJin","Spear Gaming (ex)","Brimstone",39,16,"41.03"
"BabyJ","100 Thieves (ex)","Cypher",100,41,"41.00"
"sheydos","M3 Champions (ex)","Breach",122,50,"40.98"
"sheydos","M3 Champions","Breach",122,50,"40.98"
"AslaN","BIG (ex)","Jett",83,34,"40.96"
"valyn","The Guard","Astra",166,68,"40.96"
"valyn","The Guard (ex)","Astra",166,68,"40.96"
"seven","TSM (ex)","Jett",22,9,"40.91"
"pdr","Stars Horizon (ex)","Chamber",22,9,"40.91"
"pdr","INGAMING Esports (ex)","KAY/O",22,9,"40.91"
"pAura","BBL Esports (ex)","Killjoy",22,9,"40.91"
"glym","Liberty (ex)","Jett",22,9,"40.91"
"Derialy","NORTHEPTION","Sage",22,9,"40.91"
"pr0xy","Spear Gaming (ex)","Viper",22,9,"40.91"
"vaiZ","Leviatán (ex)","Viper",22,9,"40.91"
"Pro","South Built Esports (ex)","Sova",22,9,"40.91"
"KuuKai","Crest Gaming ZST (ex)","Cypher",22,9,"40.91"
"Den2","Spear Gaming (ex)","Sova",22,9,"40.91"
"bazz","FAV gaming","Omen",44,18,"40.91"
"nukkye","G2 Esports (Inactive) (ex)","Neon",22,9,"40.91"
"tex","NRG Esports (ex)","Skye",22,9,"40.91"
"Rainy","Griffin E-Sports","KAY/O",22,9,"40.91"
"leonzhett","PAMPAS (ex)","Breach",22,9,"40.91"
"K1LLERS","Fancy United Esports (ex)","KAY/O",22,9,"40.91"
"Jinggg","Paper Rex","Neon",22,9,"40.91"
"hatty","ややーず (ex)","KAY/O",22,9,"40.91"
"vong","FOKUS (ex)","Killjoy",22,9,"40.91"
"krain","Liberty","Viper",22,9,"40.91"
"takej","REJECT (ex)","Sage",22,9,"40.91"
"SyouTa","REJECT (si)","Raze",22,9,"40.91"
"Dualing","Storks Phalanx (ex)","Reyna",22,9,"40.91"
"NANZIN","Stars Horizon","Breach",22,9,"40.91"
"liazzi","Liberty","KAY/O",22,9,"40.91"
"DaeGi","Tartarus (ex)","Raze",22,9,"40.91"
"RIA","ややーず (ex)","Chamber",22,9,"40.91"
"RoaN","SunXet Club (ex)","KAY/O",22,9,"40.91"
"Lmemore","Onic Esports (ex)","Cypher",22,9,"40.91"
"eKo","Reignite (ex)","Skye",22,9,"40.91"
"d4v41","Paper Rex","Breach",22,9,"40.91"
"arm1e","EVA:e (ex)","Breach",22,9,"40.91"
"RyZzi","Desperado (ex)","Breach",22,9,"40.91"
"EROC","EVA:e (ex)","Astra",22,9,"40.91"
"curry","Cloud9 (ex)","KAY/O",22,9,"40.91"
"Monyet","Onic Esports (ex)","Raze",44,18,"40.91"
"kobra","REJECT (si)","Brimstone",22,9,"40.91"
"Ethan","100 Thieves (ex)","Chamber",22,9,"40.91"
"sachi","Rebellion Arts (ex)","Skye",22,9,"40.91"
"sakurai","REJECT (si)","Sage",22,9,"40.91"
"SugarZ3ro","ZETA DIVISION","Brimstone",22,9,"40.91"
"Ijin","Storks Phalanx (ex)","Chamber",22,9,"40.91"
"gustt1nha","Los Grandes (ex)","KAY/O",44,18,"40.91"
"Subroza","TSM (ex)","Phoenix",22,9,"40.91"
"KappA","Global Esports","Sova",44,18,"40.91"
"ScreaM","Team Liquid (ex)","Reyna",22,9,"40.91"
"Eugene","DAMWON Gaming","Brimstone",22,9,"40.91"
"corey","TSM (ex)","Cypher",22,9,"40.91"
"Exy","DAMWON Gaming","Brimstone",22,9,"40.91"
"SEVERiNE","Onic Esports (ex)","Viper",22,9,"40.91"
"SEVERiNE","Onic Esports (ex)","Skye",22,9,"40.91"
"kiles","Acend (ex)","Astra",22,9,"40.91"
"Jemkin","Crest Gaming ZST (ex)","KAY/O",22,9,"40.91"
"Fisker","FAV gaming (ex)","Jett",44,18,"40.91"
"soulcas","Team Liquid","Omen",22,9,"40.91"
"FREY","Gaimin Gladiators (ex)","Cypher",22,9,"40.91"
"Sơn KeKe","Fancy United Esports (ex)","Omen",22,9,"40.91"
"matheuzin","TBK Esports","Astra",22,9,"40.91"
"Phantom","FAV gaming","Killjoy",44,18,"40.91"
"GODLIKE","World Game Star (ex)","Breach",203,83,"40.89"
"noxxy","Alter Ego (si)","Sage",49,20,"40.82"
"Sk9Na","Team GP (ex)","Sova",59,24,"40.68"
"Ssun","Spear Gaming (ex)","Raze",165,67,"40.61"
"leonzhett","PAMPAS (ex)","Fade",69,28,"40.58"
"pr0xy","Spear Gaming (ex)","Cypher",37,15,"40.54"
"Fisker","FAV gaming (ex)","Raze",89,36,"40.45"
"shion","Liberty (ex)","Skye",47,19,"40.43"
"Secret","Desperado (ex)","Neon",104,42,"40.38"
"sScary","XERXIA Esports (ex)","Brimstone",52,21,"40.38"
"Dcop","FUSION","Fade",62,25,"40.32"
"vow","Team T5 (ex)","Killjoy",67,27,"40.30"
"Leo","Guild Esports (ex)","Fade",67,27,"40.30"
"Nyang","Gamelanders Blue","Omen",72,29,"40.28"
"Mistic","FNATIC (ex)","Skye",87,35,"40.23"
"Marved","OpTic Gaming","Omen",122,49,"40.16"
"RyZzi","Desperado (ex)","Reyna",127,51,"40.16"
"Destrian","OG LDN UTD (ex)","Breach",45,18,"40.00"
"Harry","HolyMolly","Cypher",45,18,"40.00"
"Hyzee","Fancy United Esports (ex)","Astra",65,26,"40.00"
"frz","MIBR","Chamber",45,18,"40.00"
"Jeong Hi","Maru Gaming (ex)","Omen",65,26,"40.00"
"JonahP","The Guard","Jett",35,14,"40.00"
"Felix","HolyMolly (ex)","Brimstone",35,14,"40.00"
"Hermes","HolyMolly (ex)","Neon",45,18,"40.00"
"dgzin","Gamelanders Blue (ex)","Jett",148,59,"39.86"
"prozin","Sharks Esports","KAY/O",108,43,"39.81"
"Jeong Hi","Maru Gaming (ex)","Astra",58,23,"39.66"
"Envy","FENNEL (ex)","Cypher",58,23,"39.66"
"Boaster","FNATIC","Skye",43,17,"39.53"
"ANDROID","NRG Esports (ex)","Chamber",43,17,"39.53"
"kurozooted","Reignite","Killjoy",43,17,"39.53"
"gMd","TSM (ex)","Omen",43,17,"39.53"
"RoaN","SunXet Club (ex)","Sage",43,17,"39.53"
"trexx","Guild Esports","Sova",43,17,"39.53"
"Dreamas","LDN UTD (ex)","Killjoy",43,17,"39.53"
"Eeyore","Persija Esports","Cypher",43,17,"39.53"
"MOLSI","LDN UTD (ex)","Sova",43,17,"39.53"
"TenZ","Sentinels","Chamber",43,17,"39.53"
"tinggg2k5","CERBERUS Esports","Raze",43,17,"39.53"
"Obnoks","BIG (ex)","Killjoy",43,17,"39.53"
"Sayaplayer","The Guard (ex)","Raze",43,17,"39.53"
"dephh","XSET (ex)","Cypher",81,32,"39.51"
"vow","Team T5 (ex)","Chamber",76,30,"39.47"
"fl1pzjder","BOOM Esports (ex)","Chamber",71,28,"39.44"
"Daicute","CERBERUS Esports (ex)","Chamber",122,48,"39.34"
"JUGi","FOKUS","Neon",46,18,"39.13"
"xand","Ninjas in Pyjamas (ex)","Killjoy",59,23,"38.98"
"crashies","OpTic Gaming (ex)","Sova",77,30,"38.96"
"redwater877","Team T5","KAY/O",198,77,"38.89"
"Swee","IXA","Reyna",36,14,"38.89"
"Moothie","CNJ Esports (ex)","Chamber",106,41,"38.68"
"Life","EDward Gaming (ex)","Jett",44,17,"38.64"
"RyZzi","Desperado (ex)","KAY/O",44,17,"38.64"
"cNed","Acend (ex)","Jett",83,32,"38.55"
"Chibab","Maru Gaming","Jett",262,101,"38.55"
"DOGAO","Movistar Optix","Killjoy",34,13,"38.24"
"Genghsta","Knights (ex)","Breach",21,8,"38.10"
"rDeeW","ORDER (ex)","Chamber",21,8,"38.10"
"W1nner","Griffin E-Sports","KAY/O",63,24,"38.10"
"TS","On Sla2ers (ex)","Phoenix",21,8,"38.10"
"Melofovia","DetonatioN Gaming White (ex)","Cypher",21,8,"38.10"
"dapr","Sentinels (ex)","Viper",21,8,"38.10"
"wannafly","Made in Thailand","Cypher",21,8,"38.10"
"NcSlasher","Onic Esports (ex)","Sage",21,8,"38.10"
"nAts","M3 Champions (ex)","Omen",42,16,"38.10"
"Boaster","FNATIC","Brimstone",42,16,"38.10"
"Dani","Sentinels (si)","Omen",21,8,"38.10"
"trent","The Guard","Breach",21,8,"38.10"
"SSeeS","DetonatioN Gaming White (ex)","Sage",21,8,"38.10"
"JitboyS","FW Esports (ex)","Killjoy",21,8,"38.10"
"munghoon","VPZ","Chamber",21,8,"38.10"
"Ask","Reignite","Breach",21,8,"38.10"
"nAts","M3 Champions (ex)","Omen",42,16,"38.10"
"Rb","DRX","Astra",21,8,"38.10"
"something","Sengoku Gaming","Jett",21,8,"38.10"
"disk0","ORDER (ex)","Breach",21,8,"38.10"
"d4v41","Paper Rex","Killjoy",21,8,"38.10"
"CHICHOO","EDward Gaming","Omen",21,8,"38.10"
"eKo","Reignite (ex)","Fade",21,8,"38.10"
"Poach","FaZe Clan (ex)","Sova",21,8,"38.10"
"vanity","Cloud9","Fade",21,8,"38.10"
"Foxy9","Reignite (ex)","Raze",21,8,"38.10"
"Rawkus","Sentinels (ex)","Sova",21,8,"38.10"
"Frosty","Knights (ex)","KAY/O",21,8,"38.10"
"Shiroe","Mariner","KAY/O",21,8,"38.10"
"CyderX","SuperMassive (ex)","Skye",42,16,"38.10"
"Moose","Luminosity Gaming (ex)","Killjoy",21,8,"38.10"
"ParkJJong","Team GP (ex)","Skye",21,8,"38.10"
"Xandrite","NORTHEPTION (ex)","Killjoy",21,8,"38.10"
"DippER","VPZ (ex)","Breach",21,8,"38.10"
"Johnqt","Ghost Gaming (ex)","KAY/O",21,8,"38.10"
"adrnking","Alter Ego","Reyna",21,8,"38.10"
"invy","Oasis Gaming (ex)","Sage",21,8,"38.10"
"Bazzi","On Sla2ers (ex)","Reyna",21,8,"38.10"
"Xeppaa","Cloud9","Raze",63,24,"38.10"
"BuZz","DRX","Brimstone",21,8,"38.10"
"flainzz","Stars Horizon","Killjoy",21,8,"38.10"
"Frosty","Knights (ex)","Astra",21,8,"38.10"
"keloqz","G2 Esports (Inactive) (ex)","Jett",21,8,"38.10"
"SID","VPZ","Raze",21,8,"38.10"
"Zerost","Sengoku Gaming","Killjoy",21,8,"38.10"
"Phantom","FAV gaming","Breach",21,8,"38.10"
"Lok1","CERBERUS Esports (ex)","Omen",21,8,"38.10"
"brawk","Ghost Gaming (ex)","Fade",21,8,"38.10"
"mada","Shopify Rebellion","Yoru",21,8,"38.10"
"ZmjjKK","EDward Gaming","Chamber",21,8,"38.10"
"coco","Oasis Gaming","Viper",21,8,"38.10"
"jfoen","E-Xolos LAZER","Skye",21,8,"38.10"
"XiSTOU","SuperMassive (ex)","Viper",42,16,"38.10"
"Puupop","Mariner","Chamber",21,8,"38.10"
"Solution","FUSION (ex)","Chamber",21,8,"38.10"
"iRdy","World Game Star","Skye",63,24,"38.10"
"Brofeld","Jadeite","Cypher",21,8,"38.10"
"Frosty","Knights (ex)","Killjoy",21,8,"38.10"
"XXiF","Knights (ex)","Neon",21,8,"38.10"
"f1cio","Fancy United Esports","Neon",21,8,"38.10"
"ShahZaM","Sentinels (ex)","Jett",21,8,"38.10"
"Shanks","Rise (ex)","Chamber",21,8,"38.10"
"frostmind","BOOM Esports (ex)","Omen",21,8,"38.10"
"HellFull","FUSION (ex)","Viper",21,8,"38.10"
"azys","South Built Esports (ex)","KAY/O",21,8,"38.10"
"allow","Jadeite (ex)","Raze",21,8,"38.10"
"v1xen","Ninjas in Pyjamas (ex)","Omen",21,8,"38.10"
"Feniz","E-Xolos LAZER","Viper",21,8,"38.10"
"PapiChulo","South Built Esports (ex)","Cypher",21,8,"38.10"
"fenNy","SunXet Club","Chamber",21,8,"38.10"
"takej","REJECT (ex)","Killjoy",21,8,"38.10"
"bezn1","Ninjas in Pyjamas (ex)","Breach",21,8,"38.10"
"GodDead","On Sla2ers","Neon",21,8,"38.10"
"Delta","Maru Gaming (ex)","Skye",92,35,"38.04"
"AYRIN","XSET (ex)","Brimstone",50,19,"38.00"
"Tio","Movistar Optix","Chamber",79,30,"37.97"
"dapr","Sentinels (ex)","Sage",87,33,"37.93"
"kellyS","Rex Regum Qeon (ex)","Raze",45,17,"37.78"
"leaf","Cloud9","Jett",64,24,"37.50"
"Mizu","9z Team","Chamber",115,43,"37.39"
"Fross","SunXet Club","Astra",83,31,"37.35"
"Brave","SuperMassive (ex)","Sage",43,16,"37.21"
"rion","Crazy Raccoon","Omen",62,23,"37.10"
"Kadoom","Made in Thailand","Chamber",62,23,"37.10"
"adrnking","Alter Ego","KAY/O",62,23,"37.10"
"ScreaM","Team Liquid (ex)","Jett",65,24,"36.92"
"Foxy9","Reignite (ex)","Jett",82,30,"36.59"
"Feniz","E-Xolos LAZER","KAY/O",41,15,"36.59"
"Minty","FAV gaming","Cypher",41,15,"36.59"
"NakJi","Maru Gaming (ex)","Sage",41,15,"36.59"
"Dobsha","E-Xolos LAZER (ex)","Raze",41,15,"36.59"
"Dhimorutoo","Reignite (ex)","Omen",41,15,"36.59"
"glym","Liberty (ex)","Omen",41,15,"36.59"
"iRdy","World Game Star","Fade",82,30,"36.59"
"SUTHER","9z Team (ex)","Raze",41,15,"36.59"
"flainzz","INGAMING Esports (ex)","Cypher",41,15,"36.59"
"SyouTa","Crest Gaming ZST (ex)","Astra",41,15,"36.59"
"pr0xy","Spear Gaming (ex)","Chamber",102,37,"36.27"
"Xdll","BLUE BEES.ESP (ex)","Fade",61,22,"36.07"
"Wavy","CNJ Esports","Skye",61,22,"36.07"
"Kaspe","BIG (ex)","Cypher",61,22,"36.07"
"YESicaN","Fancy United Esports","Astra",61,22,"36.07"
"maxie","Bleed Esports (ex)","Viper",78,28,"35.90"
"D1E","Meta Gaming (ex)","Chamber",81,29,"35.80"
"allow","Jadeite (ex)","Jett",42,15,"35.71"
"Puleule","9z Team","Breach",42,15,"35.71"
"hellff","Velocity Gaming","Killjoy",42,15,"35.71"
"Klaus","KRÜ Esports","KAY/O",20,7,"35.00"
"SiuFatBB","Griffin E-Sports","Skye",20,7,"35.00"
"HANN","World Game Star","Raze",60,21,"35.00"
"keznit","KRÜ Esports (ex)","Fade",20,7,"35.00"
"Brofeld","Jadeite","Fade",20,7,"35.00"
"Ssun","Spear Gaming (ex)","Chamber",20,7,"35.00"
"H1K","SchwarzerLand","Reyna",20,7,"35.00"
"KappA","Global Esports","Sage",20,7,"35.00"
"STYRON","Gaimin Gladiators (ex)","Fade",20,7,"35.00"
"SugarZ3ro","ZETA DIVISION","Omen",40,14,"35.00"
"gustt1nha","Los Grandes (ex)","Sova",20,7,"35.00"
"rion","Crazy Raccoon","Viper",20,7,"35.00"
"SylFy","Jadeite (ex)","Brimstone",20,7,"35.00"
"Kr1stal","BLUE BEES.ESP (ex)","Breach",20,7,"35.00"
"GodDead","On Sla2ers (si)","Jett",20,7,"35.00"
"blaZek1ng","BOOM Esports","Sova",40,14,"35.00"
"Dcop","FUSION","Raze",20,7,"35.00"
"deigara","9z Team","Sova",20,7,"35.00"
"Rawkus","Sentinels (ex)","Omen",20,7,"35.00"
"Ran","SETOUCHI ENLIFE (ex)","Killjoy",20,7,"35.00"
"大西大和","SETOUCHI ENLIFE (ex)","Skye",20,7,"35.00"
"Rainy","Griffin E-Sports","Sage",60,21,"35.00"
"tex","NRG Esports (ex)","Reyna",20,7,"35.00"
"QutionerX","BBL Esports","Jett",40,14,"35.00"
"Quick","FURIA","Jett",20,7,"35.00"
"DeNaro","MIBR (ex)","Fade",20,7,"35.00"
"Puleule","9z Team","Brimstone",20,7,"35.00"
"Torrify","FUSION (ex)","Chamber",20,7,"35.00"
"JUGi","FOKUS","Reyna",20,7,"35.00"
"badsitoww","Meta Gaming (ex)","KAY/O",20,7,"35.00"
"Lawrence","GoNGo Prince","Breach",20,7,"35.00"
"dgzin","FURIA","KAY/O",20,7,"35.00"
"Peloncito","E-Xolos LAZER","Fade",100,35,"35.00"
"PADO","Veronica7 (ex)","Sage",40,14,"35.00"
"AztKk","FUSION (ex)","Skye",20,7,"35.00"
"leaf","Cloud9","Breach",20,7,"35.00"
"AYRIN","XSET (ex)","Cypher",20,7,"35.00"
"Nozwerr","FURIA (ex)","Skye",20,7,"35.00"
"DippER","VPZ (ex)","Killjoy",20,7,"35.00"
"Leo","Guild Esports (ex)","Reyna",20,7,"35.00"
"Genghsta","Knights (ex)","Sova",60,21,"35.00"
"asteriskk","Persija Esports","Omen",20,7,"35.00"
"neth","Crazy Raccoon","Raze",60,21,"35.00"
"vow","Team T5 (ex)","Sage",20,7,"35.00"
"AslaN","BIG (ex)","Chamber",20,7,"35.00"
"myssen","Liberty","Cypher",40,14,"35.00"
"Izzy","SuperMassive","Jett",20,7,"35.00"
"Lightningfast","Global Esports","Raze",20,7,"35.00"
"munghoon","VPZ","Skye",20,7,"35.00"
"Eliza","GoNGo Prince (ex)","Astra",20,7,"35.00"
"ardiis","FunPlus Phoenix (ex)","Cypher",20,7,"35.00"
"Anker","Jadeite (ex)","Breach",20,7,"35.00"
"xeta","Cloud9 (ex)","Sova",20,7,"35.00"
"jfoen","E-Xolos LAZER","Omen",40,14,"35.00"
"Ludens","K2 eSports (ex)","KAY/O",20,7,"35.00"
"Mistic","FNATIC (ex)","Brimstone",20,7,"35.00"
"Famouz","Persija Esports (ex)","Jett",20,7,"35.00"
"allow","Jadeite (ex)","Yoru",20,7,"35.00"
"YRSelect","Griffin E-Sports (si)","Brimstone",20,7,"35.00"
"iluri","FOKUS (ex)","Sage",20,7,"35.00"
"mada","Luminosity Gaming (ex)","Reyna",20,7,"35.00"
"aimDLL","BBL Esports","Killjoy",40,14,"35.00"
"Flynch","Persija Esports (ex)","Breach",20,7,"35.00"
"invy","Oasis Gaming (ex)","KAY/O",20,7,"35.00"
"MAGNUM","FNATIC (ex)","Cypher",20,7,"35.00"
"Marved","OpTic Gaming","Breach",20,7,"35.00"
"chase","Gamelanders Blue (ex)","Fade",43,15,"34.88"
"YESicaN","Fancy United Esports","Skye",79,27,"34.18"
"Brofeld","Hexad (ex)","Chamber",53,18,"33.96"
"kurozooted","Reignite","KAY/O",59,20,"33.90"
"C0M","Evil Geniuses","Breach",59,20,"33.90"
"Harry","HolyMolly","Killjoy",39,13,"33.33"
"nobody","EDward Gaming","Fade",39,13,"33.33"
"bucher","FOKUS (ex)","Cypher",60,20,"33.33"
"poised","FaZe Clan","Fade",39,13,"33.33"
"dazzLe","Luminosity Gaming (ex)","Sova",39,13,"33.33"
"Haodong","EDward Gaming","Breach",39,13,"33.33"
"Kush","Alter Ego","Sova",39,13,"33.33"
"nephh","Gaimin Gladiators (ex)","Yoru",39,13,"33.33"
"bmVz","Fancy United Esports (ex)","Breach",117,39,"33.33"
"MOLSI","OG LDN UTD (ex)","KAY/O",78,26,"33.33"
"feqew","LDN UTD (ex)","Jett",39,13,"33.33"
"Glovee","SuperMassive (ex)","Astra",39,13,"33.33"
"Sơn KeKe","Fancy United Esports (ex)","Astra",39,13,"33.33"
"Wavy","CNJ Esports","KAY/O",39,13,"33.33"
"YaBoiLewis","FOKUS","Raze",40,13,"32.50"
"Ethan","NRG Esports (ex)","Breach",77,25,"32.47"
"Ludens","K2 eSports (ex)","Raze",19,6,"31.58"
"Alex","Next eSports (ex)","KAY/O",19,6,"31.58"
"Mited","FUSION","Skye",19,6,"31.58"
"mnz","IXA","Breach",19,6,"31.58"
"zeek","Acend (ex)","Skye",38,12,"31.58"
"rubkkoide","PAMPAS (ex)","Breach",38,12,"31.58"
"ANGE1","FunPlus Phoenix (ex)","Breach",19,6,"31.58"
"feqew","OG LDN UTD (ex)","Jett",38,12,"31.58"
"LOB","FAV gaming","Cypher",19,6,"31.58"
"Purp0","Acend (si)","KAY/O",19,6,"31.58"
"LOB","FAV gaming","Breach",19,6,"31.58"
"Bangnan","DAMWON Gaming (ex)","Sage",19,6,"31.58"
"Luna","IXA","Chamber",19,6,"31.58"
"redwater877","Team T5","Skye",19,6,"31.58"
"7ssk7","Natus Vincere (ex)","Raze",19,6,"31.58"
"Eliza","GoNGo Prince (ex)","Viper",19,6,"31.58"
"JinboongE","HolyMolly (ex)","Sage",19,6,"31.58"
"JinboongE","HolyMolly (ex)","Jett",19,6,"31.58"
"artzin","Stars Horizon (ex)","Neon",57,18,"31.58"
"Wenty","GoNGo Prince (ex)","Raze",19,6,"31.58"
"takej","REJECT (ex)","Viper",19,6,"31.58"
"DxN","No Namers (ex)","Chamber",19,6,"31.58"
"flainzz","INGAMING Esports (ex)","Killjoy",19,6,"31.58"
"Medusa","REJECT (ex)","KAY/O",19,6,"31.58"
"NoriseN","REJECT (ex)","Sage",19,6,"31.58"
"zepher","REJECT (ex)","Raze",19,6,"31.58"
"pAura","BBL Esports (ex)","Sage",19,6,"31.58"
"skuba","Knights (ex)","Omen",19,6,"31.58"
"B1ngSu","Veronica7","Cypher",38,12,"31.58"
"ParkJJong","Tartarus (ex)","Sova",19,6,"31.58"
"Twisten","BIG (ex)","Jett",38,12,"31.58"
"CTC","Los Grandes (ex)","Fade",19,6,"31.58"
"C1nder","SCARZ (ex)","Killjoy",19,6,"31.58"
"Minty","FAV gaming","Sage",19,6,"31.58"
"Suka","Fancy United Esports (ex)","KAY/O",38,12,"31.58"
"crws","XERXIA Esports (ex)","Omen",19,6,"31.58"
"Reita","REJECT (ex)","Raze",19,6,"31.58"
"Dcop","FUSION","Viper",19,6,"31.58"
"swag","Team Vikings (ex)","Killjoy",57,18,"31.58"
"Sayaplayer","The Guard (ex)","Chamber",19,6,"31.58"
"Lumo","Insomnia (ex)","Skye",19,6,"31.58"
"BORKUM","Team Secret","Astra",38,12,"31.58"
"Harry","Brimstone (si)","Chamber",19,6,"31.58"
"JREXXX","Insomnia (ex)","Raze",19,6,"31.58"
"NcSlasher","Onic Esports (ex)","Omen",38,12,"31.58"
"poised","Rise (ex)","Chamber",19,6,"31.58"
"s0m","NRG Esports","Jett",38,12,"31.58"
"neT","The Guard","Chamber",19,6,"31.58"
"pleets","Los Grandes","Cypher",19,6,"31.58"
"zepher","REJECT (ex)","Skye",19,6,"31.58"
"disk0","ORDER (ex)","Skye",19,6,"31.58"
"flainzz","Stars Horizon","Cypher",75,23,"30.67"
"Marky","Oasis Gaming","Raze",56,17,"30.36"
"cauanzin","Ninjas in Pyjamas (ex)","Skye",56,17,"30.36"
"Medusa","REJECT (ex)","Chamber",37,11,"29.73"
"Kant","VPZ (ex)","Reyna",74,22,"29.73"
"Xander","FUSION","Killjoy",37,11,"29.73"
"L1NK","Acend (ex)","Brimstone",37,11,"29.73"
"Ethan","100 Thieves (ex)","Skye",55,16,"29.09"
"Hate","Jadeite (ex)","Killjoy",18,5,"27.78"
"Felix","HolyMolly (ex)","Breach",36,10,"27.78"
"Redneval","CERBERUS Esports (ex)","Jett",36,10,"27.78"
"Dcop","FUSION","Sova",18,5,"27.78"
"tehbotol","BOOM Esports (ex)","Brimstone",18,5,"27.78"
"kurozooted","Reignite","Cypher",18,5,"27.78"
"raafa","Liberty (ex)","Fade",18,5,"27.78"
"pyth","Bleed Esports (ex)","Brimstone",36,10,"27.78"
"ClarK","World Game Star (ex)","Jett",18,5,"27.78"
"akashi","CERBERUS Esports (ex)","Sova",36,10,"27.78"
"pr0xy","Spear Gaming (ex)","Omen",18,5,"27.78"
"ban","Knights (ex)","Skye",18,5,"27.78"
"Deryeon","Bleed Esports (ex)","Raze",18,5,"27.78"
"pAura","BBL Esports (ex)","KAY/O",18,5,"27.78"
"dgzin","Gamelanders Blue (ex)","Chamber",18,5,"27.78"
"CHICHOO","EDward Gaming","Astra",18,5,"27.78"
"gio","Movistar Optix","Fade",18,5,"27.78"
"vanity","Cloud9","Sova",18,5,"27.78"
"gio","Movistar Optix","Skye",54,15,"27.78"
"mada","Luminosity Gaming (ex)","KAY/O",18,5,"27.78"
"disk0","ORDER (ex)","Killjoy",18,5,"27.78"
"Vici","Sengoku Gaming","Reyna",36,10,"27.78"
"AsLanM4shadoW","BBL Esports","Neon",18,5,"27.78"
"Dszera","Team Vikings (ex)","Sage",36,10,"27.78"
"LEXY","Bleed Esports (ex)","Neon",18,5,"27.78"
"eKo","Reignite (ex)","Breach",18,5,"27.78"
"musashi","BIG (ex)","Sova",18,5,"27.78"
"hyouka","Reignite","Killjoy",18,5,"27.78"
"eKo","Reignite (ex)","Sage",18,5,"27.78"
"frz","MIBR","Sage",18,5,"27.78"
"Anker","Jadeite (ex)","Skye",18,5,"27.78"
"Marmelo","Jadeite","Breach",18,5,"27.78"
"flyuh","FaZe Clan (ex)","Sage",18,5,"27.78"
"YaBoiDre","Evil Geniuses (ex)","Sova",18,5,"27.78"
"Misaya","Sengoku Gaming","Breach",18,5,"27.78"
"Klaus","KRÜ Esports","Killjoy",18,5,"27.78"
"crashies","OpTic Gaming (ex)","Viper",18,5,"27.78"
"Secret","Desperado (ex)","Sage",18,5,"27.78"
"BORKUM","Team Secret","Brimstone",18,5,"27.78"
"SamuraiDeeper","Crest Gaming ZST (ex)","Sage",18,5,"27.78"
"Harry","HolyMolly","Sova",18,5,"27.78"
"SungJin","Spear Gaming (ex)","Chamber",18,5,"27.78"
"KAMEReon","AWS (ex)","Cypher",18,5,"27.78"
"Kakarot","NAOS Esports","Reyna",18,5,"27.78"
"GwangUh","Tartarus (ex)","KAY/O",36,10,"27.78"
"cNed","Acend (ex)","KAY/O",18,5,"27.78"
"D1E","Movistar Optix","Cypher",36,10,"27.78"
"Starxo","Acend","Skye",36,10,"27.78"
"PADO","Veronica7 (ex)","Skye",35,9,"25.71"
"Harry","HolyMolly","Chamber",35,9,"25.71"
"pouoxo","TRIDENT (ex)","Skye",35,9,"25.71"
"Yso","TRIDENT (ex)","Chamber",35,9,"25.71"
"Misaya","Sengoku Gaming","Skye",35,9,"25.71"
"Boostio","Evil Geniuses","Skye",35,9,"25.71"
"10X","HolyMolly (ex)","Neon",35,9,"25.71"
"Addicted","Sharks Esports (ex)","Viper",17,4,"23.53"
"BandiCoot","E-Xolos LAZER","Brimstone",17,4,"23.53"
"s0m","NRG Esports","Neon",17,4,"23.53"
"Nexi","Rex Regum Qeon (ex)","Chamber",17,4,"23.53"
"gio","Movistar Optix","Sage",17,4,"23.53"
"Draxii","Rex Regum Qeon (ex)","Breach",17,4,"23.53"
"gob b","BIG (ex)","Sova",17,4,"23.53"
"NeruFi","Crest Gaming ZST","Killjoy",17,4,"23.53"
"Dszera","Team Vikings (ex)","Breach",17,4,"23.53"
"CyderX","SuperMassive (ex)","Sova",17,4,"23.53"
"foxz","XERXIA Esports (ex)","Jett",17,4,"23.53"
"dzii","Gaimin Gladiators (ex)","Jett",17,4,"23.53"
"SicK","Sentinels (ex)","Astra",17,4,"23.53"
"Toto","GyoGun","Viper",17,4,"23.53"
"NagZ","KRÜ Esports","Killjoy",17,4,"23.53"
"pr0xy","Spear Gaming (ex)","Astra",17,4,"23.53"
"Wenty","GoNGo Prince (ex)","Cypher",17,4,"23.53"
"mwzera","Keyd Stars (ex)","Sova",17,4,"23.53"
"Redgar","M3 Champions","Fade",34,8,"23.53"
"Shanks","Rise (ex)","Jett",17,4,"23.53"
"FREY","Gaimin Gladiators (ex)","Killjoy",17,4,"23.53"
"JinboongE","HolyMolly (ex)","Skye",17,4,"23.53"
"bang","100 Thieves","Breach",17,4,"23.53"
"Ssun","Spear Gaming (ex)","Neon",17,4,"23.53"
"PTC","FULL SENSE (ex)","KAY/O",17,4,"23.53"
"iluri","FOKUS (ex)","Brimstone",17,4,"23.53"
"Wonjina","Next eSports","Omen",17,4,"23.53"
"hype","OG LDN UTD (ex)","Killjoy",17,4,"23.53"
"Anna","Next eSports (ex)","Reyna",17,4,"23.53"
"Delz1k","KRÜ Esports (ex)","Astra",17,4,"23.53"
"2GE","Rex Regum Qeon","Astra",17,4,"23.53"
"MONSTEERR","Acend (ex)","Killjoy",17,4,"23.53"
"Quick","FURIA","Raze",17,4,"23.53"
"keznit","KRÜ Esports (ex)","Jett",17,4,"23.53"
"Mizu","9z Team","Cypher",17,4,"23.53"
"zombs","Sentinels (ex)","Omen",17,4,"23.53"
"zeek","Acend (ex)","Viper",17,4,"23.53"
"Luke","World Game Star","Skye",17,4,"23.53"
"RIPablo","IGZIST","Brimstone",17,4,"23.53"
"maxie","Bleed Esports (ex)","Brimstone",34,8,"23.53"
"deigara","9z Team","KAY/O",17,4,"23.53"
"deigara","9z Team","Sage",17,4,"23.53"
"Blas","NAOS Esports","Chamber",17,4,"23.53"
"KappA","Global Esports","Breach",17,4,"23.53"
"Sơn KeKe","Fancy United Esports (ex)","Chamber",34,8,"23.53"
"Sayf","Guild Esports (ex)","Skye",17,4,"23.53"
"Solution","FUSION (ex)","KAY/O",17,4,"23.53"
"Redgar","M3 Champions (ex)","Fade",34,8,"23.53"
"SamuraiDeeper","Crest Gaming ZST (ex)","Breach",17,4,"23.53"
"RHZ","Keyd Stars (ex)","Sage",17,4,"23.53"
"Gunny","GoNGo Prince","Sova",17,4,"23.53"
"Danielesflo","FUSION (ex)","Brimstone",17,4,"23.53"
"Twisten","BIG (ex)","Cypher",17,4,"23.53"
"Surf","XERXIA Esports (ex)","Raze",17,4,"23.53"
"AztKk","FUSION (ex)","Breach",17,4,"23.53"
"Obnoks","BIG (ex)","KAY/O",34,8,"23.53"
"vakk","Acend","Sova",17,4,"23.53"
"HellrangeR","Global Esports","Fade",17,4,"23.53"
"diewijAs","PAMPAS (ex)","Killjoy",34,8,"23.53"
"HellFull","FUSION (ex)","Chamber",17,4,"23.53"
"lenne","Bleed Esports (ex)","Breach",17,4,"23.53"
"cuda","GyoGun (ex)","Jett",17,4,"23.53"
"dgzin","FURIA","Chamber",17,4,"23.53"
"PEPA","Team Vikings (ex)","Omen",17,4,"23.53"
"KadosuK","GyoGun (ex)","Reyna",34,8,"23.53"
"godko","Desperado (ex)","Killjoy",33,7,"21.21"
"skyeSG","No Namers (ex)","Brimstone",33,7,"21.21"
"Wenty","Tartarus (ex)","Chamber",33,7,"21.21"
"EndU","Team GP","KAY/O",16,3,"18.75"
"Teerapong","FW Esports","Sage",16,3,"18.75"
"Kei","looking for a name","Raze",16,3,"18.75"
"Bangnan","DAMWON Gaming (ex)","Raze",16,3,"18.75"
"k1Ng","On Sla2ers (ex)","Astra",16,3,"18.75"
"Zan","Focus e-Sports","Chamber",16,3,"18.75"
"Bazzi","On Sla2ers (ex)","Chamber",16,3,"18.75"
"Amaterasu","Velocity Gaming","Breach",16,3,"18.75"
"Duno","Natus Vincere (ex)","Sage",16,3,"18.75"
"Boo","OG LDN UTD (ex)","Breach",16,3,"18.75"
"ParkJJong","Team GP (ex)","Chamber",16,3,"18.75"
"deigara","9z Team","Viper",16,3,"18.75"
"Lmemore","Onic Esports (ex)","Killjoy",16,3,"18.75"
"Keria","Spear Gaming","Breach",16,3,"18.75"
"BABYBAY","FaZe Clan","Phoenix",16,3,"18.75"
"GodDead","On Sla2ers","Skye",16,3,"18.75"
"k1Ng","On Sla2ers (ex)","Sage",16,3,"18.75"
"MatiS","EBRO Gaming (ex)","Jett",16,3,"18.75"
"Brofeld","Jadeite","Killjoy",16,3,"18.75"
"TS","On Sla2ers (ex)","Killjoy",16,3,"18.75"
"Bazzi","On Sla2ers (ex)","Breach",16,3,"18.75"
"AzeL","looking for a name (ex)","Viper",16,3,"18.75"
"rite2ace","Velocity Gaming (ex)","Omen",16,3,"18.75"
"Suke","SYSTEM e-Sports","Skye",16,3,"18.75"
"GodDead","On Sla2ers","Cypher",16,3,"18.75"
"Siro","looking for a name (ex)","Reyna",16,3,"18.75"
"Reformed","Evil Geniuses","Fade",16,3,"18.75"
"Unnsto","EBRO Gaming (ex)","Sova",16,3,"18.75"
"MOLSI","OG LDN UTD (ex)","Neon",16,3,"18.75"
"B1ngSu","Veronica7","Killjoy",16,3,"18.75"
"ParkJJong","Tartarus (ex)","Fade",16,3,"18.75"
"YESicaN","Fancy United Esports","Omen",16,3,"18.75"
"reooooo","Rebellion Arts","Reyna",16,3,"18.75"
"swag","Team Vikings (ex)","Viper",16,3,"18.75"
"W1nner","Griffin E-Sports","Breach",16,3,"18.75"
"Dszera","Team Vikings (ex)","Sova",16,3,"18.75"
"Delend","Made in Thailand (ex)","Omen",15,2,"13.33"
"Zerost","Sengoku Gaming","Fade",15,2,"13.33"
"takej","REJECT (ex)","Yoru",15,2,"13.33"
"Marved","OpTic Gaming","Skye",15,2,"13.33"
"rochet","SunXet Club (ex)","Sova",15,2,"13.33"
"kobra","Crest Gaming ZST","Jett",15,2,"13.33"
"RIPablo","IGZIST","Astra",15,2,"13.33"
"thiefy","Sengoku Gaming (ex)","Cypher",15,2,"13.33"
"SoGaTe","Tartarus (ex)","Omen",15,2,"13.33"
"Keria","Spear Gaming","Skye",15,2,"13.33"
"Pepper","IGZIST (ex)","Jett",15,2,"13.33"
"sakurai","Crest Gaming ZST (ex)","Sage",15,2,"13.33"
"Wild0reoo","Oasis Gaming","Astra",15,2,"13.33"
"ParkJJong","Tartarus (ex)","Skye",15,2,"13.33"
"invy","Oasis Gaming (ex)","Sova",15,2,"13.33"
"Mazino","KRÜ Esports (ex)","Reyna",15,2,"13.33"
"munghoon","VPZ","Sova",15,2,"13.33"
"AloNeFillz","Made in Thailand","Fade",15,2,"13.33"
"Moose","Luminosity Gaming (ex)","Viper",29,3,"10.34"
"DDcream","Pentagon","Sova",14,1,"7.14"
"大西大和","SETOUCHI ENLIFE (ex)","Raze",14,1,"7.14"
"LucasVade","Meta Gaming (ex)","Skye",14,1,"7.14"
"XiSTOU","SuperMassive (ex)","Chamber",14,1,"7.14"
"B4nnba","Pentagon","Cypher",14,1,"7.14"
"iluri","FOKUS (ex)","Breach",14,1,"7.14"
"AsLanM4shadoW","BBL Esports","KAY/O",14,1,"7.14"
"frostmind","BOOM Esports (ex)","Sova",14,1,"7.14"
"vong","FOKUS (ex)","Brimstone",14,1,"7.14"
"JREXXX","Insomnia (ex)","Chamber",14,1,"7.14"
"badsitoww","Meta Gaming (ex)","Killjoy",14,1,"7.14"
"Tempz","No Namers (ex)","Skye",14,1,"7.14"
"ableJ","FURIA (ex)","Breach",14,1,"7.14"
"Hermes","HolyMolly (ex)","Viper",14,1,"7.14"
"BlackWiz","NORTHEPTION","Fade",14,1,"7.14"
"Num","AWS (ex)","Skye",14,1,"7.14"
"wyz","FUSION","Chamber",14,1,"7.14"
"柳ヶ瀬鈴乃","IXA (ex)","Killjoy",14,1,"7.14"
"Maru","Mariner","Sova",13,0,"0.00"
"fiN","SYSTEM e-Sports","Killjoy",13,0,"0.00"
"Asuna","100 Thieves","Chamber",13,0,"0.00"
"Delta","Maru Gaming (ex)","Sage",13,0,"0.00"
"moco","TRIDENT (ex)","KAY/O",13,0,"0.00"